disputeNumber,jurorCount,arbitrationCost,costPerJuror
0,10,0.66942185513,0.0669
1,10,0.66942185513,0.0669
10,3,0.195,0.065
100,3,0.195,0.065
1000,1,0.0,0.0
1001,1,0.028,0.028
1002,1,0.028,0.028
1003,1,0.028,0.028
1004,3,0.084,0.028
1005,3,0.084,0.028
1006,1,0.0,0.0
1007,3,0.084,0.028
1008,3,0.084,0.028
1009,1,0.028,0.028
101,3,0.195,0.065
1010,3,0.084,0.028
1011,1,0.028,0.028
1012,1,0.028,0.028
1013,1,0.028,0.028
1014,1,0.028,0.028
1015,1,0.028,0.028
1016,1,0.028,0.028
1017,1,0.028,0.028
1018,1,0.028,0.028
1019,1,0.0,0.0
102,5,2.75,0.55
1020,1,0.028,0.028
1021,1,0.028,0.028
1022,1,0.028,0.028
1023,1,0.028,0.028
1024,4,0.112,0.028
1025,1,0.028,0.028
1026,1,0.028,0.028
1027,1,0.0,0.0
1028,1,0.028,0.028
1029,1,0.028,0.028
103,3,0.195,0.065
1030,1,0.028,0.028
1031,1,0.028,0.028
1032,1,0.028,0.028
1033,1,0.028,0.028
1034,1,0.028,0.028
1035,1,0.028,0.028
1036,1,0.028,0.028
1037,1,0.028,0.028
1038,31,0.93,0.03
1039,1,0.028,0.028
104,5,2.75,0.55
1040,1,0.028,0.028
1041,1,0.028,0.028
1042,1,0.028,0.028
1043,1,0.028,0.028
1044,1,0.028,0.028
1045,1,0.028,0.028
1046,1,0.028,0.028
1047,1,0.028,0.028
1048,1,0.028,0.028
1049,3,0.0,0.0
105,3,0.372,0.124
1050,1,0.0,0.0
1051,1,0.0,0.0
1052,1,0.028,0.028
1053,1,0.028,0.028
1054,1,0.028,0.028
1055,1,0.028,0.028
1056,1,0.028,0.028
1057,1,0.028,0.028
1058,1,0.028,0.028
1059,1,0.028,0.028
106,3,1.383,0.461
1060,1,0.028,0.028
1061,1,0.028,0.028
1062,1,0.028,0.028
1063,1,0.028,0.028
1064,1,0.0,0.0
1065,1,0.028,0.028
1066,1,0.028,0.028
1067,1,0.028,0.028
1068,1,0.028,0.028
1069,1,0.028,0.028
107,3,0.372,0.124
1070,3,0.084,0.028
1071,1,0.028,0.028
1072,1,0.028,0.028
1073,4,0.084,0.021
1074,1,0.028,0.028
1075,1,0.028,0.028
1076,1,0.028,0.028
1077,3,0.084,0.028
1078,1,0.028,0.028
1079,1,0.0,0.0
108,3,0.0,0.0
1080,1,0.028,0.028
1081,1,0.028,0.028
1082,1,0.028,0.028
1083,1,0.028,0.028
1084,1,0.028,0.028
1085,1,0.028,0.028
1086,1,0.028,0.028
1087,1,0.028,0.028
1088,1,0.028,0.028
1089,1,0.028,0.028
109,3,0.372,0.124
1090,1,0.0,0.0
1091,1,0.025,0.025
1092,1,0.025,0.025
1093,1,0.025,0.025
1094,1,0.025,0.025
1095,1,0.025,0.025
1096,1,0.025,0.025
1097,1,0.025,0.025
1098,3,0.075,0.025
1099,1,0.025,0.025
11,3,0.195,0.065
110,3,0.144,0.048
1100,3,0.075,0.025
1101,1,0.025,0.025
1102,1,0.025,0.025
1103,3,0.075,0.025
1104,1,0.025,0.025
1105,1,0.025,0.025
1106,1,0.025,0.025
1107,1,0.025,0.025
1108,3,0.075,0.025
1109,1,0.025,0.025
111,5,2.475,0.495
1110,1,0.025,0.025
1111,1,0.025,0.025
1112,1,0.025,0.025
1113,1,0.025,0.025
1114,1,0.025,0.025
1115,1,0.025,0.025
1116,3,0.075,0.025
1117,1,0.025,0.025
1118,1,0.025,0.025
1119,1,0.025,0.025
112,3,0.372,0.124
1120,1,0.025,0.025
1121,1,0.025,0.025
1122,4,0.1,0.025
1123,1,0.025,0.025
1124,1,0.025,0.025
1125,31,0.775,0.025
1126,1,0.025,0.025
1127,1,0.025,0.025
1128,1,0.025,0.025
1129,1,0.025,0.025
113,3,0.144,0.048
1130,1,0.025,0.025
1131,1,0.025,0.025
1132,1,0.025,0.025
1133,1,0.025,0.025
1134,1,0.025,0.025
1135,4,0.1,0.025
1136,1,0.025,0.025
1137,1,0.025,0.025
1138,1,0.025,0.025
1139,1,0.025,0.025
114,3,0.144,0.048
1140,1,0.025,0.025
1141,1,0.025,0.025
1142,1,0.025,0.025
1143,1,0.025,0.025
1144,1,0.025,0.025
1145,1,0.025,0.025
1146,1,0.025,0.025
1147,1,0.025,0.025
1148,1,0.025,0.025
1149,1,0.025,0.025
115,3,0.144,0.048
1150,1,0.025,0.025
1151,11,0.175,0.0159
1152,1,0.025,0.025
1153,1,0.025,0.025
1154,1,0.025,0.025
1155,3,0.075,0.025
1156,1,0.025,0.025
1157,1,0.025,0.025
1158,1,0.025,0.025
1159,1,0.0,0.0
116,3,0.144,0.048
1160,1,0.025,0.025
1161,3,0.075,0.025
1162,1,0.025,0.025
1163,1,0.025,0.025
1164,1,0.025,0.025
1165,1,0.025,0.025
1166,4,0.1,0.025
1167,1,0.025,0.025
1168,1,0.0,0.0
1169,1,0.025,0.025
117,3,0.144,0.048
1170,246,11.743,0.0477
1171,1,0.025,0.025
1172,1,0.025,0.025
1173,4,0.1,0.025
1174,4,0.1,0.025
1175,4,0.075,0.0187
1176,4,0.075,0.0187
1177,3,0.075,0.025
1178,1,0.025,0.025
1179,3,0.075,0.025
118,3,0.144,0.048
1180,1,0.025,0.025
1181,1,0.025,0.025
1182,1,0.025,0.025
1183,1,0.025,0.025
1184,1,0.025,0.025
1185,1,0.025,0.025
1186,1,0.025,0.025
1187,1,0.025,0.025
1188,1,0.025,0.025
1189,1,0.025,0.025
119,3,0.144,0.048
1190,1,0.025,0.025
1191,1,0.025,0.025
1192,1,0.025,0.025
1193,1,0.025,0.025
1194,3,0.216,0.072
1195,3,0.216,0.072
1196,1,0.025,0.025
1197,3,0.216,0.072
1198,3,0.216,0.072
1199,1,0.0,0.0
12,3,0.195,0.065
120,3,0.372,0.124
1200,3,0.216,0.072
1201,3,0.216,0.072
1202,1,0.025,0.025
1203,1,0.025,0.025
1204,1,0.0,0.0
1205,26,0.625,0.024
1206,1,0.025,0.025
1207,3,0.216,0.072
1208,3,0.216,0.072
1209,3,0.216,0.072
121,3,0.372,0.124
1210,3,0.216,0.072
1211,56,4.032,0.072
1212,3,0.216,0.072
1213,10,0.72,0.072
1214,3,0.216,0.072
1215,3,0.216,0.072
1216,3,0.216,0.072
1217,25,1.8,0.072
1218,3,0.216,0.072
1219,1,0.025,0.025
122,25,1.2,0.048
1220,1,0.025,0.025
1221,1,0.0,0.0
1222,1,0.025,0.025
1223,1,0.025,0.025
1224,1,0.0,0.0
1225,1,0.025,0.025
1226,10,0.72,0.072
1227,1,0.0,0.0
1228,1,0.025,0.025
1229,1,0.025,0.025
123,3,0.372,0.124
1230,1,0.025,0.025
1231,1,0.025,0.025
1232,3,0.075,0.025
1233,1,0.025,0.025
1234,1,0.025,0.025
1235,1,0.025,0.025
1236,1,0.0,0.0
1237,1,0.025,0.025
1238,1,0.025,0.025
1239,1,0.025,0.025
124,3,0.144,0.048
1240,1,0.025,0.025
1241,1,0.025,0.025
1242,1,0.025,0.025
1243,3,0.216,0.072
1244,1,0.025,0.025
1245,1,0.0,0.0
1246,1,0.025,0.025
1247,1,0.025,0.025
1248,1,0.025,0.025
1249,1,0.025,0.025
125,3,0.144,0.048
1250,1,0.025,0.025
1251,1,0.025,0.025
1252,1,0.025,0.025
1253,4,0.075,0.0187
1254,1,0.025,0.025
1255,3,0.075,0.025
1256,1,0.025,0.025
1257,1,0.025,0.025
1258,1,0.025,0.025
1259,11,0.275,0.025
126,3,0.144,0.048
1260,1,0.025,0.025
1261,1,0.025,0.025
1262,1,0.025,0.025
1263,1,0.025,0.025
1264,1,0.025,0.025
1265,1,0.025,0.025
1266,1,0.025,0.025
1267,1,0.025,0.025
1268,1,0.025,0.025
1269,1,0.025,0.025
127,3,0.144,0.048
1270,1,0.025,0.025
1271,1,0.025,0.025
1272,1,0.0,0.0
1273,1,0.025,0.025
1274,1,0.025,0.025
1275,1,0.025,0.025
1276,1,0.025,0.025
1277,1,0.025,0.025
1278,1,0.025,0.025
1279,1,0.025,0.025
128,3,0.144,0.048
1280,4,0.1,0.025
1281,1,0.025,0.025
1282,1,0.025,0.025
1283,1,0.025,0.025
1284,1,0.025,0.025
1285,1,0.025,0.025
1286,1,0.025,0.025
1287,1,0.025,0.025
1288,1,0.025,0.025
1289,1,0.025,0.025
129,3,0.222,0.074
1290,1,0.025,0.025
1291,1,0.025,0.025
1292,1,0.025,0.025
1293,1,0.025,0.025
1294,1,0.025,0.025
1295,1,0.025,0.025
1296,1,0.025,0.025
1297,1,0.025,0.025
1298,1,0.025,0.025
1299,1,0.025,0.025
13,10,0.65,0.065
130,3,0.144,0.048
1300,1,0.025,0.025
1301,1,0.025,0.025
1302,1,0.025,0.025
1303,1,0.025,0.025
1304,1,0.025,0.025
1305,1,0.025,0.025
1306,1,0.025,0.025
1307,1,0.025,0.025
1308,1,0.025,0.025
1309,1,0.025,0.025
131,3,0.372,0.124
1310,1,0.025,0.025
1311,1,0.025,0.025
1312,1,0.025,0.025
1313,1,0.025,0.025
1314,1,0.025,0.025
1315,1,0.025,0.025
1316,1,0.025,0.025
1317,4,0.075,0.0187
1318,1,0.025,0.025
1319,1,0.025,0.025
132,25,1.056,0.0422
1320,1,0.025,0.025
1321,1,0.025,0.025
1322,31,0.775,0.025
1323,1,0.025,0.025
1324,1,0.025,0.025
1325,11,0.275,0.025
1326,4,0.075,0.0187
1327,1,0.025,0.025
1328,1,0.025,0.025
1329,1,0.025,0.025
133,3,0.144,0.048
1330,1,0.025,0.025
1331,1,0.025,0.025
1332,1,0.025,0.025
1333,1,0.025,0.025
1334,1,0.025,0.025
1335,1,0.025,0.025
1336,1,0.025,0.025
1337,1,0.025,0.025
1338,1,0.025,0.025
1339,1,0.025,0.025
134,3,0.144,0.048
1340,4,0.1,0.025
1341,1,0.025,0.025
1342,1,0.025,0.025
1343,11,0.275,0.025
1344,1,0.025,0.025
1345,1,0.025,0.025
1346,1,0.0,0.0
1347,31,0.775,0.025
1348,1,0.025,0.025
1349,11,0.25,0.0227
135,25,1.2,0.048
1350,1,0.025,0.025
1351,1,0.025,0.025
1352,1,0.025,0.025
1353,1,0.025,0.025
1354,1,0.025,0.025
1355,1,0.025,0.025
1356,1,0.025,0.025
1357,1,0.025,0.025
1358,1,0.0,0.0
1359,1,0.025,0.025
136,10,0.48,0.048
1360,1,0.025,0.025
1361,1,0.0,0.0
1362,1,0.025,0.025
1363,1,0.025,0.025
1364,1,0.025,0.025
1365,1,0.025,0.025
1366,1,0.025,0.025
1367,1,0.025,0.025
1368,1,0.025,0.025
1369,1,0.025,0.025
137,10,0.48,0.048
1370,4,0.075,0.0187
1371,1,0.025,0.025
1372,1,0.025,0.025
1373,1,0.025,0.025
1374,1,0.025,0.025
1375,1,0.025,0.025
1376,1,0.0,0.0
1377,1,0.025,0.025
1378,1,0.025,0.025
1379,1,0.0,0.0
138,3,0.372,0.124
1380,1,0.025,0.025
1381,4,0.1,0.025
1382,11,0.175,0.0159
1383,1,0.025,0.025
1384,1,0.025,0.025
1385,1,0.025,0.025
1386,4,0.1,0.025
1387,1,0.025,0.025
1388,1,0.025,0.025
1389,1,0.025,0.025
139,3,0.372,0.124
1390,1,0.025,0.025
1391,1,0.025,0.025
1392,1,0.025,0.025
1393,1,0.025,0.025
1394,1,0.025,0.025
1395,1,0.025,0.025
1396,1,0.025,0.025
1397,1,0.025,0.025
1398,1,0.025,0.025
1399,1,0.025,0.025
14,5,2.75,0.55
140,3,0.372,0.124
1400,1,0.025,0.025
1401,1,0.025,0.025
1402,1,0.025,0.025
1403,1,0.025,0.025
1404,1,0.025,0.025
1405,1,0.025,0.025
1406,1,0.025,0.025
1407,1,0.025,0.025
1408,1,0.025,0.025
1409,1,0.025,0.025
141,3,0.372,0.124
1410,3,0.075,0.025
1411,1,0.025,0.025
1412,3,0.075,0.025
1413,1,0.025,0.025
1414,1,0.025,0.025
1415,1,0.025,0.025
1416,1,0.025,0.025
1417,3,0.075,0.025
1418,1,0.025,0.025
1419,1,0.025,0.025
142,3,0.372,0.124
1420,1,0.025,0.025
1421,1,0.025,0.025
1422,3,0.075,0.025
1423,4,0.1,0.025
1424,1,0.025,0.025
1425,1,0.025,0.025
1426,1,0.025,0.025
1427,1,0.025,0.025
1428,1,0.025,0.025
1429,1,0.025,0.025
143,3,0.372,0.124
1430,1,0.025,0.025
1431,1,0.025,0.025
1432,1,0.025,0.025
1433,1,0.025,0.025
1434,1,0.025,0.025
1435,1,0.025,0.025
1436,1,0.025,0.025
1437,1,0.025,0.025
1438,1,0.025,0.025
1439,1,0.025,0.025
144,3,0.372,0.124
1440,1,0.025,0.025
1441,1,0.025,0.025
1442,1,0.025,0.025
1443,1,0.025,0.025
1444,1,0.025,0.025
1445,1,0.025,0.025
1446,1,0.025,0.025
1447,1,0.025,0.025
1448,1,0.025,0.025
1449,1,0.025,0.025
145,3,0.372,0.124
1450,1,0.025,0.025
1451,1,0.011,0.011
1452,1,0.011,0.011
1453,1,0.011,0.011
1454,10,0.0,0.0
1455,1,0.011,0.011
1456,1,0.011,0.011
1457,1,0.011,0.011
1458,1,0.011,0.011
1459,1,0.011,0.011
146,3,0.144,0.048
1460,1,0.011,0.011
1461,1,0.011,0.011
1462,4,0.044,0.011
1463,1,0.011,0.011
1464,4,0.044,0.011
1465,1,0.011,0.011
1466,1,0.011,0.011
1467,1,0.011,0.011
1468,1,0.011,0.011
1469,1,0.011,0.011
147,3,0.144,0.048
1470,1,0.011,0.011
1471,1,0.011,0.011
1472,1,0.011,0.011
1473,1,0.011,0.011
1474,1,0.011,0.011
1475,1,0.011,0.011
1476,1,0.011,0.011
1477,1,0.011,0.011
1478,1,0.011,0.011
1479,1,0.011,0.011
148,3,0.0,0.0
1480,1,0.011,0.011
1481,1,0.011,0.011
1482,4,0.044,0.011
1483,1,0.011,0.011
1484,1,0.011,0.011
1485,1,0.011,0.011
1486,1,0.011,0.011
1487,1,0.011,0.011
1488,1,0.011,0.011
1489,1,0.011,0.011
149,3,0.372,0.124
1490,4,0.044,0.011
1491,1,0.0,0.0
1492,1,0.011,0.011
1493,1,0.011,0.011
1494,1,0.011,0.011
1495,3,0.033,0.011
1496,1,0.011,0.011
1497,1,0.011,0.011
1498,1,0.011,0.011
1499,1,0.011,0.011
15,3,0.195,0.065
150,3,0.372,0.124
1500,1,0.011,0.011
1501,1,0.011,0.011
1502,1,0.011,0.011
1503,1,0.011,0.011
1504,4,0.044,0.011
1505,1,0.011,0.011
1506,1,0.0,0.0
1507,1,0.011,0.011
1508,1,0.011,0.011
1509,1,0.011,0.011
151,3,0.372,0.124
1510,1,0.011,0.011
1511,1,0.011,0.011
1512,1,0.011,0.011
1513,1,0.011,0.011
1514,1,0.011,0.011
1515,1,0.011,0.011
1516,1,0.0,0.0
1517,1,0.011,0.011
1518,1,0.011,0.011
1519,1,0.011,0.011
152,3,0.144,0.048
1520,1,0.011,0.011
1521,1,0.011,0.011
1522,1,0.011,0.011
1523,3,0.033,0.011
1524,1,0.0,0.0
1525,1,0.011,0.011
1526,1,0.011,0.011
1527,1,0.011,0.011
1528,1,0.011,0.011
1529,1,0.0,0.0
153,3,0.144,0.048
1530,3,0.033,0.011
1531,1,0.011,0.011
1532,1,0.011,0.011
1533,1,0.011,0.011
1534,1,0.011,0.011
1535,1,0.011,0.011
1536,1,0.0,0.0
1537,4,0.033,0.0083
1538,3,0.033,0.011
1539,4,0.033,0.0083
154,3,0.144,0.048
1540,1,0.0,0.0
1541,1,0.011,0.011
1542,4,0.033,0.0083
1543,1,0.011,0.011
1544,1,0.011,0.011
1545,1,0.011,0.011
1546,1,0.011,0.011
1547,1,0.011,0.011
1548,3,0.033,0.011
1549,3,0.237,0.079
155,1,0.01,0.01
1550,1,0.011,0.011
1551,1,0.011,0.011
1552,1,0.025,0.025
1553,1,0.025,0.025
1554,1,0.025,0.025
1555,1,0.025,0.025
1556,1,0.025,0.025
1557,10,0.25,0.025
1558,3,0.075,0.025
1559,4,0.1,0.025
156,3,0.372,0.124
1560,1,0.025,0.025
1561,1,0.025,0.025
1562,1,0.025,0.025
1563,1,0.0,0.0
1564,1,0.025,0.025
1565,1,0.025,0.025
1566,1,0.0,0.0
1567,1,0.025,0.025
1568,1,0.025,0.025
1569,1,0.025,0.025
157,6,0.06,0.01
1570,1,0.025,0.025
1571,1,0.025,0.025
1572,1,0.025,0.025
1573,1,0.0,0.0
1574,1,0.025,0.025
1575,4,0.075,0.0187
1576,1,0.025,0.025
1577,1,0.025,0.025
1578,1,0.025,0.025
1579,1,0.025,0.025
158,50,0.5,0.01
1580,1,0.0,0.0
1581,1,0.025,0.025
1582,1,0.025,0.025
1583,1,0.025,0.025
1584,1,0.025,0.025
1585,1,0.025,0.025
1586,31,0.496,0.016
1587,1,0.025,0.025
1588,1,0.025,0.025
1589,4,0.1,0.025
159,30,0.3,0.01
1590,1,0.025,0.025
1591,1,0.025,0.025
1592,1,0.025,0.025
1593,1,0.025,0.025
1594,1,0.025,0.025
1595,5,0.395,0.079
1596,1,0.0,0.0
1597,1,0.025,0.025
1598,1,0.025,0.025
1599,1,0.025,0.025
16,16,8.8,0.55
160,3,0.144,0.048
1600,1,0.025,0.025
1601,1,0.025,0.025
1602,1,0.025,0.025
1603,1,0.025,0.025
1604,4,0.075,0.0187
1605,1,0.025,0.025
1606,1,0.025,0.025
1607,1,0.0,0.0
1608,1,0.025,0.025
1609,1,0.025,0.025
161,10,0.1,0.01
1610,1,0.025,0.025
1611,1,0.025,0.025
1612,1,0.0,0.0
1613,1,0.025,0.025
1614,1,0.025,0.025
1615,1,0.025,0.025
1616,1,0.025,0.025
1617,1,0.025,0.025
1618,1,0.025,0.025
1619,1,0.025,0.025
162,10,0.1,0.01
1620,1,0.0,0.0
1621,5,0.395,0.079
1622,1,0.025,0.025
1623,1,0.025,0.025
1624,1,0.0,0.0
1625,1,0.025,0.025
1626,1,0.025,0.025
1627,4,0.075,0.0187
1628,1,0.025,0.025
1629,1,0.025,0.025
163,3,0.372,0.124
1630,1,0.025,0.025
1631,1,0.025,0.025
1632,1,0.025,0.025
1633,1,0.025,0.025
1634,1,0.025,0.025
1635,1,0.025,0.025
1636,1,0.025,0.025
1637,1,0.025,0.025
1638,1,0.026,0.026
1639,1,0.026,0.026
164,3,0.372,0.124
1640,1,0.0,0.0
1641,1,0.026,0.026
1642,1,0.026,0.026
1643,4,0.078,0.0195
1644,1,0.0,0.0
1645,1,0.0,0.0
1646,1,0.02,0.02
1647,1,0.02,0.02
1648,1,0.02,0.02
1649,3,0.06,0.02
165,3,0.372,0.124
1650,31,0.62,0.02
1651,31,0.62,0.02
1652,31,0.62,0.02
1653,1,0.02,0.02
1654,31,0.62,0.02
1655,31,0.62,0.02
1656,31,0.62,0.02
1657,31,0.62,0.02
1658,15,0.3,0.02
1659,3,0.111,0.037
166,3,0.144,0.048
167,3,0.222,0.074
168,25,2.728,0.1091
169,31,0.31,0.01
17,39,21.45,0.55
170,31,0.31,0.01
171,3,0.144,0.048
172,3,0.372,0.124
173,3,0.03,0.01
174,5,0.05,0.01
175,7,0.07,0.01
176,3,0.03,0.01
177,5,0.05,0.01
178,7,0.07,0.01
179,31,0.31,0.01
18,3,0.195,0.065
180,31,0.31,0.01
181,31,0.31,0.01
182,3,0.144,0.048
183,3,0.144,0.048
184,3,0.144,0.048
185,3,0.03,0.01
186,7,0.07,0.01
187,5,0.05,0.01
188,5,0.05,0.01
189,7,0.07,0.01
19,3,0.195,0.065
190,5,0.05,0.01
191,3,0.03,0.01
192,5,0.05,0.01
193,7,0.07,0.01
194,3,0.03,0.01
195,5,0.05,0.01
196,7,0.07,0.01
197,3,0.144,0.048
198,3,0.222,0.074
199,3,0.03,0.01
2,10,0.65,0.065
20,3,0.195,0.065
200,7,0.07,0.01
201,7,0.07,0.01
202,3,0.03,0.01
203,3,0.03,0.01
204,31,0.31,0.01
205,3,0.03,0.01
206,3,0.03,0.01
207,3,0.03,0.01
208,3,0.03,0.01
209,3,0.126,0.042
21,5,2.75,0.55
210,3,0.126,0.042
211,3,0.126,0.042
212,3,0.03,0.01
213,10,0.1,0.01
214,3,0.03,0.01
215,3,0.03,0.01
216,3,0.03,0.01
217,3,0.03,0.01
218,3,0.03,0.01
219,5,0.05,0.01
22,3,0.195,0.065
220,3,0.03,0.01
221,3,0.03,0.01
222,3,0.03,0.01
223,3,0.03,0.01
224,3,0.03,0.01
225,3,0.03,0.01
226,3,0.0,0.0
227,3,0.126,0.042
228,7,0.07,0.01
229,7,0.07,0.01
23,3,0.195,0.065
230,3,0.03,0.01
231,3,0.126,0.042
232,5,0.05,0.01
233,3,0.126,0.042
234,31,0.31,0.01
235,3,0.03,0.01
236,31,0.31,0.01
237,3,0.126,0.042
238,3,0.126,0.042
239,3,0.03,0.01
24,3,0.195,0.065
240,3,0.03,0.01
241,31,0.31,0.01
242,3,0.126,0.042
243,3,0.126,0.042
244,3,0.126,0.042
245,3,0.126,0.042
246,3,0.126,0.042
247,3,0.126,0.042
248,3,0.03,0.01
249,3,0.03,0.01
25,3,0.195,0.065
250,3,0.03,0.01
251,3,0.03,0.01
252,10,0.07,0.007
253,3,0.03,0.01
254,3,0.126,0.042
255,3,0.126,0.042
256,3,0.126,0.042
257,3,0.03,0.01
258,3,0.03,0.01
259,3,0.03,0.01
26,3,0.195,0.065
260,3,0.03,0.01
261,3,0.03,0.01
262,25,0.25,0.01
263,3,0.03,0.01
264,10,0.1,0.01
265,3,0.03,0.01
266,3,0.03,0.01
267,3,0.03,0.01
268,3,0.03,0.01
269,3,0.03,0.01
27,3,0.195,0.065
270,3,0.03,0.01
271,3,0.03,0.01
272,25,0.25,0.01
273,3,0.03,0.01
274,3,0.03,0.01
275,3,0.03,0.01
276,3,0.03,0.01
277,3,0.03,0.01
278,10,0.1,0.01
279,25,0.25,0.01
28,3,0.195,0.065
280,3,0.03,0.01
281,25,0.25,0.01
282,3,0.03,0.01
283,3,0.03,0.01
284,3,0.03,0.01
285,3,0.03,0.01
286,3,0.126,0.042
287,3,0.03,0.01
288,3,0.03,0.01
289,3,0.126,0.042
29,3,0.195,0.065
290,3,0.03,0.01
291,3,0.03,0.01
292,3,0.03,0.01
293,25,0.25,0.01
294,3,0.03,0.01
295,3,0.03,0.01
296,3,0.03,0.01
297,3,0.126,0.042
298,3,0.03,0.01
299,31,0.31,0.01
3,3,0.195,0.065
30,3,0.195,0.065
300,3,0.126,0.042
301,5,0.35,0.07
302,500,35.0,0.07
303,3,0.03,0.01
304,3,0.126,0.042
305,3,0.126,0.042
306,3,0.126,0.042
307,3,0.126,0.042
308,3,0.126,0.042
309,3,0.126,0.042
31,3,0.195,0.065
310,3,0.126,0.042
311,3,0.126,0.042
312,3,0.126,0.042
313,3,0.126,0.042
314,3,0.126,0.042
315,3,0.126,0.042
316,3,0.126,0.042
317,3,0.126,0.042
318,10,0.42,0.042
319,3,0.126,0.042
32,3,0.195,0.065
320,10,0.42,0.042
321,3,0.126,0.042
322,3,0.126,0.042
323,3,0.03,0.01
324,3,0.126,0.042
325,3,0.126,0.042
326,3,0.126,0.042
327,3,0.126,0.042
328,56,4.67,0.0834
329,3,0.03,0.01
33,3,0.195,0.065
330,3,0.126,0.042
331,3,0.03,0.01
332,3,0.03,0.01
333,3,0.126,0.042
334,25,0.25,0.01
335,10,0.42,0.042
336,3,0.126,0.042
337,3,0.126,0.042
338,3,0.126,0.042
339,3,0.126,0.042
34,3,0.195,0.065
340,3,0.126,0.042
341,3,0.126,0.042
342,10,0.42,0.042
343,3,0.03,0.01
344,10,0.07,0.007
345,3,0.0,0.0
346,3,0.03,0.01
347,3,0.03,0.01
348,3,0.03,0.01
349,3,0.03,0.01
35,3,0.195,0.065
350,3,0.03,0.01
351,3,0.03,0.01
352,25,0.22,0.0088
353,3,0.03,0.01
354,10,0.07,0.007
355,3,0.03,0.01
356,3,0.03,0.01
357,3,0.03,0.01
358,3,0.03,0.01
359,3,0.03,0.01
36,3,0.195,0.065
360,56,2.226,0.0398
361,3,0.126,0.042
362,56,2.352,0.042
363,3,0.126,0.042
364,25,1.05,0.042
365,3,0.03,0.01
366,3,0.03,0.01
367,3,0.126,0.042
368,3,0.03,0.01
369,3,0.126,0.042
37,3,0.195,0.065
370,3,0.126,0.042
371,3,0.126,0.042
372,3,0.126,0.042
373,3,0.03,0.01
374,3,0.03,0.01
375,3,0.126,0.042
376,3,0.126,0.042
377,3,0.126,0.042
378,3,0.126,0.042
379,3,0.126,0.042
38,3,0.195,0.065
380,3,0.195,0.065
381,10,0.65,0.065
382,5,0.235,0.047
383,3,0.195,0.065
384,3,0.195,0.065
385,56,3.445,0.0615
386,3,0.195,0.065
387,3,0.195,0.065
388,3,0.195,0.065
389,3,0.195,0.065
39,3,0.195,0.065
390,10,0.65,0.065
391,3,0.195,0.065
392,25,1.625,0.065
393,3,0.195,0.065
394,3,0.195,0.065
395,3,0.195,0.065
396,5,2.95,0.59
397,3,0.195,0.065
398,3,0.195,0.065
399,3,0.141,0.047
4,3,0.195,0.065
40,3,0.195,0.065
400,3,0.195,0.065
401,10,0.65,0.065
402,3,0.195,0.065
403,3,0.195,0.065
404,3,0.195,0.065
405,3,0.195,0.065
406,31,0.93,0.03
407,3,0.195,0.065
408,10,0.65,0.065
409,3,0.195,0.065
41,3,0.195,0.065
410,31,0.93,0.03
411,31,0.93,0.03
412,3,0.195,0.065
413,3,0.195,0.065
414,3,0.141,0.047
415,3,0.141,0.047
416,3,0.141,0.047
417,3,0.195,0.065
418,3,0.141,0.047
419,3,0.195,0.065
42,3,0.195,0.065
420,3,0.195,0.065
421,3,0.141,0.047
422,3,0.195,0.065
423,3,0.195,0.065
424,3,0.141,0.047
425,3,0.141,0.047
426,3,0.141,0.047
427,3,0.195,0.065
428,3,0.195,0.065
429,3,0.195,0.065
43,3,0.195,0.065
430,3,0.195,0.065
431,3,0.195,0.065
432,3,0.195,0.065
433,3,0.195,0.065
434,3,0.195,0.065
435,3,0.195,0.065
436,25,1.625,0.065
437,5,0.235,0.047
438,3,0.195,0.065
439,3,0.195,0.065
44,10,0.65,0.065
440,3,0.195,0.065
441,3,0.195,0.065
442,3,0.195,0.065
443,10,0.65,0.065
444,3,0.195,0.065
445,10,0.65,0.065
446,3,0.195,0.065
447,3,0.195,0.065
448,3,0.195,0.065
449,3,0.195,0.065
45,3,0.195,0.065
450,3,0.195,0.065
451,3,0.195,0.065
452,3,0.195,0.065
453,3,0.195,0.065
454,3,0.195,0.065
455,3,0.195,0.065
456,56,3.64,0.065
457,3,0.195,0.065
458,3,0.195,0.065
459,10,0.455,0.0455
46,25,1.43,0.0572
460,3,0.195,0.065
461,3,0.195,0.065
462,3,0.195,0.065
463,3,0.195,0.065
464,3,0.195,0.065
465,3,0.195,0.065
466,3,0.195,0.065
467,10,0.65,0.065
468,3,0.195,0.065
469,25,1.43,0.0572
47,3,0.195,0.065
470,3,0.195,0.065
471,3,0.195,0.065
472,3,0.195,0.065
473,3,0.195,0.065
474,3,0.195,0.065
475,3,0.195,0.065
476,3,0.195,0.065
477,3,0.195,0.065
478,3,0.195,0.065
479,5,0.335,0.067
48,3,0.195,0.065
480,3,0.195,0.065
481,3,0.195,0.065
482,3,0.195,0.065
483,3,0.141,0.047
484,3,0.195,0.065
485,3,0.195,0.065
486,5,0.235,0.047
487,5,0.235,0.047
488,4,0.268,0.067
489,3,0.195,0.065
49,3,0.195,0.065
490,3,0.195,0.065
491,10,0.65,0.065
492,3,0.195,0.065
493,3,0.195,0.065
494,10,0.65,0.065
495,10,0.65,0.065
496,3,0.195,0.065
497,3,0.195,0.065
498,3,0.195,0.065
499,5,0.235,0.047
5,3,0.195,0.065
50,3,0.195,0.065
500,3,0.195,0.065
501,3,0.195,0.065
502,3,0.141,0.047
503,3,0.195,0.065
504,31,0.93,0.03
505,31,0.93,0.03
506,3,0.195,0.065
507,3,0.195,0.065
508,3,0.195,0.065
509,3,0.195,0.065
51,3,0.195,0.065
510,10,0.65,0.065
511,1,0.067,0.067
512,3,0.195,0.065
513,3,0.195,0.065
514,3,0.195,0.065
515,3,0.195,0.065
516,3,0.195,0.065
517,3,0.195,0.065
518,3,0.195,0.065
519,3,0.195,0.065
52,3,0.195,0.065
520,3,0.195,0.065
521,3,0.195,0.065
522,3,0.195,0.065
523,3,0.195,0.065
524,3,0.195,0.065
525,3,0.195,0.065
526,1,0.083,0.083
527,10,0.65,0.065
528,5,0.235,0.047
529,31,0.93,0.03
53,10,0.65,0.065
530,31,0.93,0.03
531,3,0.195,0.065
532,500,41.0,0.082
533,1,0.083,0.083
534,3,0.195,0.065
535,5,2.95,0.59
536,56,1.892,0.0338
537,25,1.055,0.0422
538,25,1.055,0.0422
539,56,1.437,0.0257
54,3,0.195,0.065
540,3,0.195,0.065
541,10,0.4,0.04
542,3,0.042,0.014
543,3,0.042,0.014
544,3,0.081,0.027
545,1,0.04,0.04
546,4,0.16,0.04
547,3,0.081,0.027
548,3,0.12,0.04
549,3,0.12,0.04
55,3,0.195,0.065
550,7,0.28,0.04
551,3,0.081,0.027
552,3,0.057,0.019
553,3,0.057,0.019
554,25,0.475,0.019
555,3,0.057,0.019
556,3,0.057,0.019
557,3,0.081,0.027
558,3,0.081,0.027
559,7,0.28,0.04
56,10,0.65,0.065
560,3,0.057,0.019
561,7,0.28,0.04
562,3,0.057,0.019
563,3,0.057,0.019
564,3,0.057,0.019
565,3,0.057,0.019
566,3,0.057,0.019
567,3,0.057,0.019
568,3,0.057,0.019
569,3,0.057,0.019
57,10,0.455,0.0455
570,3,0.057,0.019
571,3,0.057,0.019
572,3,0.057,0.019
573,3,0.057,0.019
574,7,0.28,0.04
575,3,0.057,0.019
576,3,0.057,0.019
577,3,0.057,0.019
578,3,0.057,0.019
579,3,0.057,0.019
58,3,0.195,0.065
580,3,0.057,0.019
581,3,0.057,0.019
582,3,0.057,0.019
583,3,0.057,0.019
584,3,0.057,0.019
585,3,0.057,0.019
586,3,0.057,0.019
587,3,0.057,0.019
588,3,0.057,0.019
589,3,0.057,0.019
59,3,0.195,0.065
590,3,0.057,0.019
591,3,0.057,0.019
592,7,0.28,0.04
593,3,0.057,0.019
594,3,0.057,0.019
595,3,0.057,0.019
596,3,0.057,0.019
597,3,0.057,0.019
598,3,0.057,0.019
599,3,0.057,0.019
6,3,0.195,0.065
60,3,0.195,0.065
600,3,0.057,0.019
601,3,0.057,0.019
602,3,0.057,0.019
603,3,0.057,0.019
604,3,0.057,0.019
605,3,0.057,0.019
606,3,0.057,0.019
607,3,0.057,0.019
608,3,0.057,0.019
609,3,0.057,0.019
61,5,2.75,0.55
610,3,0.057,0.019
611,3,0.057,0.019
612,3,0.057,0.019
613,3,0.057,0.019
614,3,0.057,0.019
615,3,0.057,0.019
616,3,0.057,0.019
617,3,0.057,0.019
618,3,0.057,0.019
619,3,0.057,0.019
62,5,2.75,0.55
620,3,0.057,0.019
621,3,0.057,0.019
622,3,0.057,0.019
623,3,0.057,0.019
624,3,0.057,0.019
625,3,0.057,0.019
626,3,0.057,0.019
627,3,0.057,0.019
628,3,0.057,0.019
629,3,0.057,0.019
63,3,0.195,0.065
630,3,0.057,0.019
631,3,0.057,0.019
632,3,0.057,0.019
633,3,0.057,0.019
634,3,0.057,0.019
635,3,0.057,0.019
636,3,0.057,0.019
637,3,0.057,0.019
638,3,0.084,0.028
639,3,0.084,0.028
64,3,0.195,0.065
640,7,0.21,0.03
641,7,0.21,0.03
642,3,0.084,0.028
643,3,0.084,0.028
644,3,0.084,0.028
645,3,0.084,0.028
646,3,0.084,0.028
647,10,0.28,0.028
648,3,0.084,0.028
649,3,0.084,0.028
65,3,0.195,0.065
650,3,0.084,0.028
651,3,0.084,0.028
652,10,0.28,0.028
653,3,0.084,0.028
654,3,0.084,0.028
655,3,0.084,0.028
656,3,0.084,0.028
657,3,0.084,0.028
658,3,0.084,0.028
659,3,0.084,0.028
66,3,0.195,0.065
660,3,0.084,0.028
661,3,0.084,0.028
662,3,0.084,0.028
663,1,0.031,0.031
664,3,0.084,0.028
665,3,0.084,0.028
666,3,0.084,0.028
667,3,0.084,0.028
668,3,0.084,0.028
669,3,0.084,0.028
67,3,0.195,0.065
670,3,0.084,0.028
671,3,0.084,0.028
672,3,0.084,0.028
673,3,0.084,0.028
674,3,0.084,0.028
675,3,0.084,0.028
676,3,0.084,0.028
677,3,0.084,0.028
678,3,0.084,0.028
679,3,0.084,0.028
68,10,0.65,0.065
680,3,0.084,0.028
681,3,0.084,0.028
682,3,0.084,0.028
683,3,0.084,0.028
684,3,0.084,0.028
685,3,0.084,0.028
686,3,0.084,0.028
687,3,0.084,0.028
688,3,0.084,0.028
689,3,0.084,0.028
69,56,3.445,0.0615
690,3,0.084,0.028
691,3,0.084,0.028
692,3,0.084,0.028
693,3,0.084,0.028
694,3,0.084,0.028
695,3,0.084,0.028
696,3,0.084,0.028
697,3,0.084,0.028
698,3,0.084,0.028
699,3,0.084,0.028
7,3,0.195,0.065
70,3,0.195,0.065
700,3,0.084,0.028
701,3,0.084,0.028
702,3,0.084,0.028
703,3,0.084,0.028
704,3,0.084,0.028
705,3,0.084,0.028
706,3,0.084,0.028
707,3,0.084,0.028
708,3,0.084,0.028
709,3,0.084,0.028
71,3,0.195,0.065
710,3,0.084,0.028
711,3,0.084,0.028
712,3,0.084,0.028
713,3,0.084,0.028
714,3,0.084,0.028
715,3,0.084,0.028
716,3,0.084,0.028
717,3,0.084,0.028
718,3,0.084,0.028
719,3,0.084,0.028
72,3,0.195,0.065
720,3,0.084,0.028
721,3,0.084,0.028
722,3,0.084,0.028
723,3,0.084,0.028
724,3,0.084,0.028
725,3,0.084,0.028
726,3,0.084,0.028
727,3,0.084,0.028
728,3,0.084,0.028
729,3,0.084,0.028
73,3,0.195,0.065
730,3,0.084,0.028
731,3,0.084,0.028
732,3,0.084,0.028
733,3,0.084,0.028
734,3,0.084,0.028
735,3,0.084,0.028
736,3,0.084,0.028
737,3,0.084,0.028
738,3,0.084,0.028
739,3,0.084,0.028
74,3,0.195,0.065
740,3,0.084,0.028
741,3,0.084,0.028
742,3,0.084,0.028
743,3,0.084,0.028
744,3,0.084,0.028
745,3,0.084,0.028
746,3,0.084,0.028
747,3,0.084,0.028
748,3,0.084,0.028
749,3,0.084,0.028
75,3,0.195,0.065
750,3,0.084,0.028
751,3,0.084,0.028
752,3,0.084,0.028
753,3,0.084,0.028
754,3,0.084,0.028
755,3,0.084,0.028
756,3,0.084,0.028
757,3,0.084,0.028
758,3,0.084,0.028
759,3,0.084,0.028
76,3,0.195,0.065
760,3,0.084,0.028
761,3,0.084,0.028
762,3,0.084,0.028
763,3,0.084,0.028
764,3,0.084,0.028
765,3,0.084,0.028
766,3,0.084,0.028
767,3,0.084,0.028
768,3,0.084,0.028
769,3,0.084,0.028
77,3,0.195,0.065
770,3,0.084,0.028
771,3,0.084,0.028
772,3,0.084,0.028
773,3,0.084,0.028
774,3,0.084,0.028
775,3,0.084,0.028
776,3,0.084,0.028
777,3,0.084,0.028
778,3,0.084,0.028
779,3,0.084,0.028
78,3,0.195,0.065
780,3,0.084,0.028
781,3,0.084,0.028
782,3,0.084,0.028
783,3,0.084,0.028
784,10,0.28,0.028
785,3,0.084,0.028
786,3,0.084,0.028
787,3,0.084,0.028
788,3,0.084,0.028
789,3,0.084,0.028
79,3,0.195,0.065
790,3,0.084,0.028
791,3,0.084,0.028
792,3,0.084,0.028
793,3,0.084,0.028
794,3,0.084,0.028
795,3,0.084,0.028
796,3,0.084,0.028
797,3,0.084,0.028
798,3,0.084,0.028
799,3,0.084,0.028
8,3,0.195,0.065
80,3,0.195,0.065
800,3,0.084,0.028
801,3,0.084,0.028
802,3,0.084,0.028
803,3,0.084,0.028
804,3,0.084,0.028
805,3,0.084,0.028
806,3,0.084,0.028
807,3,0.084,0.028
808,3,0.084,0.028
809,3,0.084,0.028
81,56,3.64,0.065
810,3,0.084,0.028
811,3,0.084,0.028
812,3,0.084,0.028
813,3,0.084,0.028
814,3,0.084,0.028
815,3,0.084,0.028
816,3,0.084,0.028
817,3,0.084,0.028
818,3,0.084,0.028
819,3,0.084,0.028
82,39,21.45,0.55
820,3,0.084,0.028
821,3,0.084,0.028
822,3,0.084,0.028
823,3,0.084,0.028
824,3,0.084,0.028
825,10,0.28,0.028
826,3,0.084,0.028
827,3,0.084,0.028
828,3,0.084,0.028
829,3,0.084,0.028
83,5,2.75,0.55
830,3,0.084,0.028
831,3,0.084,0.028
832,3,0.084,0.028
833,3,0.084,0.028
834,3,0.084,0.028
835,3,0.084,0.028
836,3,0.084,0.028
837,3,0.084,0.028
838,3,0.084,0.028
839,3,0.084,0.028
84,3,0.195,0.065
840,3,0.084,0.028
841,3,0.084,0.028
842,3,0.084,0.028
843,3,0.084,0.028
844,3,0.084,0.028
845,3,0.084,0.028
846,3,0.084,0.028
847,3,0.084,0.028
848,3,0.084,0.028
849,3,0.084,0.028
85,3,0.195,0.065
850,3,0.084,0.028
851,3,0.084,0.028
852,10,0.28,0.028
853,3,0.084,0.028
854,3,0.084,0.028
855,3,0.084,0.028
856,3,0.084,0.028
857,3,0.084,0.028
858,3,0.084,0.028
859,3,0.084,0.028
86,5,2.75,0.55
860,3,0.084,0.028
861,3,0.084,0.028
862,3,0.084,0.028
863,3,0.084,0.028
864,3,0.084,0.028
865,3,0.084,0.028
866,3,0.084,0.028
867,3,0.084,0.028
868,3,0.084,0.028
869,1,0.031,0.031
87,3,0.195,0.065
870,3,0.084,0.028
871,3,0.084,0.028
872,3,0.084,0.028
873,3,0.084,0.028
874,3,0.084,0.028
875,3,0.084,0.028
876,3,0.084,0.028
877,3,0.084,0.028
878,3,0.084,0.028
879,3,0.084,0.028
88,3,0.195,0.065
880,3,0.084,0.028
881,3,0.084,0.028
882,3,0.084,0.028
883,3,0.084,0.028
884,3,0.084,0.028
885,3,0.084,0.028
886,3,0.084,0.028
887,3,0.084,0.028
888,3,0.084,0.028
889,3,0.084,0.028
89,5,2.75,0.55
890,3,0.084,0.028
891,3,0.084,0.028
892,3,0.084,0.028
893,3,0.084,0.028
894,3,0.084,0.028
895,3,0.084,0.028
896,3,0.084,0.028
897,3,0.084,0.028
898,3,0.084,0.028
899,3,0.084,0.028
9,16,8.8,0.55
90,3,1.5,0.5
900,3,0.084,0.028
901,3,0.084,0.028
902,3,0.084,0.028
903,3,0.084,0.028
904,3,0.084,0.028
905,3,0.084,0.028
906,3,0.084,0.028
907,3,0.084,0.028
908,3,0.084,0.028
909,3,0.084,0.028
91,3,0.195,0.065
910,3,0.084,0.028
911,3,0.084,0.028
912,3,0.084,0.028
913,3,0.084,0.028
914,3,0.084,0.028
915,3,0.084,0.028
916,1,0.028,0.028
917,3,0.084,0.028
918,1,0.028,0.028
919,3,0.084,0.028
92,3,0.6,0.2
920,1,0.028,0.028
921,1,0.028,0.028
922,1,0.028,0.028
923,3,0.084,0.028
924,1,0.028,0.028
925,1,0.028,0.028
926,1,0.028,0.028
927,1,0.028,0.028
928,1,0.028,0.028
929,5,0.7,0.14
93,3,0.195,0.065
930,1,0.028,0.028
931,3,0.084,0.028
932,31,0.93,0.03
933,5,0.7,0.14
934,1,0.028,0.028
935,1,0.028,0.028
936,1,0.028,0.028
937,1,0.028,0.028
938,1,0.028,0.028
939,1,0.028,0.028
94,3,0.195,0.065
940,1,0.028,0.028
941,1,0.028,0.028
942,1,0.028,0.028
943,1,0.0,0.0
944,1,0.028,0.028
945,1,0.028,0.028
946,1,0.028,0.028
947,1,0.028,0.028
948,1,0.0,0.0
949,1,0.0,0.0
95,16,8.8,0.55
950,1,0.028,0.028
951,1,0.028,0.028
952,1,0.028,0.028
953,1,0.028,0.028
954,1,0.028,0.028
955,1,0.028,0.028
956,1,0.028,0.028
957,1,0.028,0.028
958,1,0.028,0.028
959,1,0.028,0.028
96,3,0.195,0.065
960,1,0.028,0.028
961,1,0.028,0.028
962,1,0.028,0.028
963,1,0.028,0.028
964,1,0.028,0.028
965,1,0.028,0.028
966,1,0.028,0.028
967,1,0.028,0.028
968,1,0.028,0.028
969,1,0.028,0.028
97,3,0.195,0.065
970,1,0.028,0.028
971,1,0.028,0.028
972,1,0.028,0.028
973,4,0.084,0.021
974,1,0.0,0.0
975,1,0.028,0.028
976,1,0.028,0.028
977,1,0.028,0.028
978,1,0.028,0.028
979,4,0.084,0.021
98,3,0.195,0.065
980,1,0.028,0.028
981,1,0.028,0.028
982,1,0.028,0.028
983,1,0.028,0.028
984,1,0.028,0.028
985,1,0.028,0.028
986,1,0.028,0.028
987,1,0.028,0.028
988,1,0.028,0.028
989,1,0.028,0.028
99,3,0.195,0.065
990,1,0.028,0.028
991,1,0.028,0.028
992,1,0.028,0.028
993,1,0.028,0.028
994,1,0.028,0.028
995,1,0.028,0.028
996,1,0.028,0.028
997,1,0.0,0.0
998,3,0.084,0.028
999,1,0.028,0.028
