disputes,id,metaEvidence
[{'id': '186'}],0x00bb8214eddb424b2b7b9d20eca770b1d3114206684e458b351f9e0ec7bbdf77,/ipfs/QmTHNACwm4n21bmshga9Bujy2itUCm85FrgQVTyQ2mBEiV/metaEvidence.json
[],0x0146e12b4a89e85189728b368065e5f98ea56d79fcafa2963de86e18ec958f77,/ipfs/QmWGRH1FieMSJZpPX8AY3eB7bQ8K2diiPGNPtbE7JyYSt6/Bcd3e5aKWdcyjn4Eh1yurP5VH5PeL1yq2VkCaiJnTPDrjSbjf1UMQmoQnPWZyoWACSB21bKZLtreeTeHQZ9pFCtLt4
[{'id': '505'}],0x02826a50c38f8dfe9ba53dcb1e66995ad8080d130116368ac02cd12ef559a535,/ipfs/QmRexPDfQPiiGHLYZU23WDTDLiAAXqJ1fP6XPnTK6Eipdf/metaEvidence.json
[{'id': '205'}],0x03bd59bcd526396aae33f6637477aa5b33b2093e1c9a15f15f2385eaf90e86e8,/ipfs/QmYw1yEWeQxLFqt2HLZgWkTeZUBt8Yjf9LvCK3wKNmeoNr/metaEvidence.json
[],0x062001ca64d1b38f3e6f8b712752dedd547d20a708001c6250451d385fa2578a,/ipfs/QmYpqymiJQmS486xzCuBqJKMHQc3VeM26spQiF2Nsz8Vi6/meta-evidence.json
[],0x0668f194dc9f646c1841533b324033ef083ddf72ce039cb908a54951f4a6d2bb,/ipfs/QmeCqP97HRWBzyZqsQ6FWpWQamytd3uJakLeqv4BqwjqbU/metaEvidence.json
[{'id': '220'}],0x085ada4848ab16348b7492aadcf1ba5c499ed5859d9857039cf45538a8bfebd8,/ipfs/QmdWfTh3n3fAWuxqnjYbxJGWYY25Cw45qqUSJ1R7LqqE9A/metaEvidence.json
[],0x08ca0ca938a2fb76ad604ae80f5390009cee544cefeeb1592d264c466a779295,/ipfs/QmbSYGhxJS3HJRxcsFXKAWQmRXaCfT4gatiTYCiz5rhySR/reg-meta-evidence.json
[{'id': '181'}],0x0b0aa6e28c7fdf9d9812f869163d3957328cdaa279dfdc101daffe952cf2315d,/ipfs/QmYt5izRS3wtCXDf8cy73mbNhrz5YocbHqzC25gQYXmbRz/metaEvidence.json
[{'id': '159'}],0x0c4ab7a096af4dcb47bbc7075e25befd147fbceb49784c47435e6d019abc9831,/ipfs/QmZ4yUxSkdeHRQjC7kFUaFCY6B1n9bYRGfYWJcCm8KV64D/metaEvidence.json
