disputeId,total_jurors,votes_cast,votes_missed
0,10,7,3
1,10,10,0
2,10,10,0
3,3,3,0
4,3,3,0
5,3,3,0
6,3,3,0
7,3,3,0
8,3,3,0
9,16,16,0
10,3,3,0
11,3,3,0
12,3,3,0
13,10,9,1
14,5,5,0
15,3,3,0
16,16,15,1
17,39,36,3
18,3,3,0
19,3,3,0
20,3,3,0
21,5,5,0
22,3,3,0
23,3,3,0
24,3,3,0
25,3,3,0
26,3,3,0
27,3,3,0
28,3,3,0
29,3,3,0
30,3,2,1
31,3,2,1
32,3,3,0
33,3,3,0
34,3,3,0
35,3,3,0
36,3,3,0
37,3,3,0
38,3,3,0
39,3,2,1
40,3,3,0
41,3,3,0
42,3,3,0
43,3,3,0
44,10,9,1
45,3,3,0
46,25,25,0
47,3,3,0
48,3,3,0
49,3,3,0
50,3,3,0
51,3,3,0
52,3,3,0
53,10,9,1
54,3,3,0
55,3,3,0
56,10,9,1
57,10,10,0
58,3,3,0
59,3,3,0
60,3,3,0
61,5,4,1
62,5,5,0
63,3,3,0
64,3,3,0
65,3,2,1
66,3,3,0
67,3,3,0
68,10,8,2
69,56,52,4
70,3,3,0
71,3,2,1
72,3,1,2
73,3,3,0
74,3,3,0
75,3,3,0
76,3,2,1
77,3,3,0
78,3,3,0
79,3,3,0
80,3,3,0
81,56,54,2
82,39,34,5
83,5,3,2
84,3,3,0
85,3,3,0
86,5,5,0
87,3,3,0
88,3,2,1
89,5,5,0
90,3,3,0
91,3,3,0
92,3,3,0
93,3,3,0
94,3,3,0
95,16,15,1
96,3,3,0
97,3,2,1
98,3,3,0
99,3,2,1
100,3,3,0
101,3,3,0
102,5,3,2
103,3,3,0
104,5,4,1
105,3,3,0
106,3,3,0
107,3,3,0
108,3,0,3
109,3,3,0
110,3,2,1
111,5,5,0
112,3,3,0
113,3,3,0
114,3,2,1
115,3,3,0
116,3,2,1
117,3,3,0
118,3,3,0
119,3,2,1
120,3,3,0
121,3,2,1
122,25,24,1
123,3,3,0
124,3,3,0
125,3,3,0
126,3,1,2
127,3,3,0
128,3,2,1
129,3,3,0
130,3,3,0
131,3,3,0
132,25,18,7
133,3,3,0
134,3,3,0
135,25,21,4
136,10,10,0
137,10,10,0
138,3,3,0
139,3,3,0
140,3,3,0
141,3,3,0
142,3,3,0
143,3,3,0
144,3,3,0
145,3,2,1
146,3,3,0
147,3,3,0
148,3,0,3
149,3,3,0
150,3,3,0
151,3,3,0
152,3,3,0
153,3,3,0
154,3,2,1
155,1,1,0
156,3,2,1
157,6,6,0
158,50,47,3
159,30,30,0
160,3,3,0
161,10,9,1
162,10,7,3
163,3,2,1
164,3,3,0
165,3,2,1
166,3,1,2
167,3,1,2
168,25,17,8
169,31,11,20
170,31,11,20
171,3,1,2
172,3,1,2
173,3,3,0
174,5,5,0
175,7,7,0
176,3,2,1
177,5,5,0
178,7,7,0
179,31,30,1
180,31,30,1
181,31,28,3
182,3,3,0
183,3,2,1
184,3,1,2
185,3,2,1
186,7,7,0
187,5,5,0
188,5,5,0
189,7,6,1
190,5,5,0
191,3,1,2
192,5,5,0
193,7,7,0
194,3,2,1
195,5,4,1
196,7,7,0
197,3,3,0
198,3,3,0
199,3,2,1
200,7,7,0
201,7,7,0
202,3,2,1
203,3,2,1
204,31,29,2
205,3,2,1
206,3,1,2
207,3,3,0
208,3,3,0
209,3,3,0
210,3,3,0
211,3,1,2
212,3,2,1
213,10,10,0
214,3,3,0
215,3,1,2
216,3,3,0
217,3,3,0
218,3,3,0
219,5,3,2
220,3,3,0
221,3,3,0
222,3,2,1
223,3,2,1
224,3,3,0
225,3,3,0
226,3,0,3
227,3,2,1
228,7,6,1
229,7,5,2
230,3,3,0
231,3,3,0
232,5,3,2
233,3,3,0
234,31,30,1
235,3,3,0
236,31,13,18
237,3,3,0
238,3,3,0
239,3,3,0
240,3,3,0
241,31,28,3
242,3,2,1
243,3,1,2
244,3,3,0
245,3,3,0
246,3,3,0
247,3,3,0
248,3,3,0
249,3,3,0
250,3,2,1
251,3,3,0
252,10,9,1
253,3,3,0
254,3,2,1
255,3,3,0
256,3,3,0
257,3,3,0
258,3,3,0
259,3,3,0
260,3,3,0
261,3,3,0
262,25,24,1
263,3,3,0
264,10,10,0
265,3,3,0
266,3,3,0
267,3,3,0
268,3,3,0
269,3,3,0
270,3,3,0
271,3,3,0
272,25,25,0
273,3,3,0
274,3,3,0
275,3,3,0
276,3,3,0
277,3,3,0
278,10,10,0
279,25,25,0
280,3,3,0
281,25,25,0
282,3,3,0
283,3,3,0
284,3,3,0
285,3,3,0
286,3,3,0
287,3,3,0
288,3,3,0
289,3,3,0
290,3,3,0
291,3,3,0
292,3,3,0
293,25,25,0
294,3,3,0
295,3,3,0
296,3,3,0
297,3,3,0
298,3,3,0
299,31,30,1
300,3,3,0
301,5,4,1
302,500,493,7
303,3,3,0
304,3,2,1
305,3,2,1
306,3,3,0
307,3,3,0
308,3,3,0
309,3,3,0
310,3,3,0
311,3,3,0
312,3,3,0
313,3,3,0
314,3,3,0
315,3,3,0
316,3,2,1
317,3,3,0
318,10,9,1
319,3,2,1
320,10,10,0
321,3,3,0
322,3,3,0
323,3,3,0
324,3,3,0
325,3,3,0
326,3,3,0
327,3,3,0
328,56,43,13
329,3,3,0
330,3,3,0
331,3,3,0
332,3,2,1
333,3,3,0
334,25,24,1
335,10,10,0
336,3,3,0
337,3,3,0
338,3,3,0
339,3,2,1
340,3,3,0
341,3,3,0
342,10,10,0
343,3,2,1
344,10,7,3
345,3,0,3
346,3,2,1
347,3,3,0
348,3,3,0
349,3,2,1
350,3,3,0
351,3,1,2
352,25,20,5
353,3,2,1
354,10,6,4
355,3,3,0
356,3,3,0
357,3,3,0
358,3,3,0
359,3,3,0
360,56,53,3
361,3,2,1
362,56,54,2
363,3,3,0
364,25,24,1
365,3,3,0
366,3,3,0
367,3,3,0
368,3,3,0
369,3,3,0
370,3,3,0
371,3,3,0
372,3,3,0
373,3,3,0
374,3,3,0
375,3,3,0
376,3,3,0
377,3,3,0
378,3,3,0
379,3,2,1
380,3,3,0
381,10,8,2
382,5,5,0
383,3,3,0
384,3,3,0
385,56,52,4
386,3,3,0
387,3,3,0
388,3,3,0
389,3,3,0
390,10,7,3
391,3,2,1
392,25,24,1
393,3,2,1
394,3,2,1
395,3,2,1
396,5,5,0
397,3,2,1
398,3,2,1
399,3,3,0
400,3,3,0
401,10,8,2
402,3,3,0
403,3,1,2
404,3,3,0
405,3,1,2
406,31,24,7
407,3,3,0
408,10,10,0
409,3,3,0
410,31,25,6
411,31,28,3
412,3,2,1
413,3,3,0
414,3,3,0
415,3,3,0
416,3,3,0
417,3,3,0
418,3,3,0
419,3,1,2
420,3,3,0
421,3,3,0
422,3,2,1
423,3,3,0
424,3,2,1
425,3,3,0
426,3,2,1
427,3,3,0
428,3,3,0
429,3,3,0
430,3,3,0
431,3,3,0
432,3,3,0
433,3,3,0
434,3,3,0
435,3,3,0
436,25,25,0
437,5,5,0
438,3,3,0
439,3,3,0
440,3,3,0
441,3,3,0
442,3,3,0
443,10,8,2
444,3,3,0
445,10,10,0
446,3,3,0
447,3,3,0
448,3,2,1
449,3,2,1
450,3,3,0
451,3,3,0
452,3,3,0
453,3,1,2
454,3,3,0
455,3,3,0
456,56,56,0
457,3,3,0
458,3,3,0
459,10,9,1
460,3,3,0
461,3,3,0
462,3,3,0
463,3,3,0
464,3,3,0
465,3,3,0
466,3,3,0
467,10,9,1
468,3,3,0
469,25,21,4
470,3,3,0
471,3,3,0
472,3,2,1
473,3,3,0
474,3,2,1
475,3,3,0
476,3,3,0
477,3,3,0
478,3,3,0
479,5,5,0
480,3,3,0
481,3,3,0
482,3,3,0
483,3,2,1
484,3,3,0
485,3,3,0
486,5,5,0
487,5,4,1
488,4,4,0
489,3,3,0
490,3,3,0
491,10,10,0
492,3,3,0
493,3,3,0
494,10,10,0
495,10,10,0
496,3,2,1
497,3,3,0
498,3,3,0
499,5,5,0
500,3,2,1
501,3,3,0
502,3,3,0
503,3,3,0
504,31,28,3
505,31,28,3
506,3,3,0
507,3,3,0
508,3,3,0
509,3,3,0
510,10,9,1
511,1,1,0
512,3,3,0
513,3,3,0
514,3,3,0
515,3,3,0
516,3,3,0
517,3,3,0
518,3,3,0
519,3,3,0
520,3,3,0
521,3,3,0
522,3,3,0
523,3,3,0
524,3,3,0
525,3,3,0
526,1,1,0
527,10,10,0
528,5,5,0
529,31,27,4
530,31,27,4
531,3,3,0
532,500,498,2
533,1,1,0
534,3,3,0
535,5,5,0
536,56,56,0
537,25,22,3
538,25,25,0
539,56,56,0
540,3,3,0
541,10,6,4
542,3,2,1
543,3,3,0
544,3,3,0
545,1,1,0
546,4,4,0
547,3,3,0
548,3,3,0
549,3,3,0
550,7,6,1
551,3,3,0
552,3,3,0
553,3,3,0
554,25,25,0
555,3,3,0
556,3,3,0
557,3,2,1
558,3,2,1
559,7,6,1
560,3,1,2
561,7,7,0
562,3,3,0
563,3,3,0
564,3,3,0
565,3,3,0
566,3,3,0
567,3,3,0
568,3,3,0
569,3,3,0
570,3,3,0
571,3,3,0
572,3,2,1
573,3,3,0
574,7,4,3
575,3,1,2
576,3,2,1
577,3,3,0
578,3,3,0
579,3,3,0
580,3,2,1
581,3,3,0
582,3,2,1
583,3,3,0
584,3,3,0
585,3,3,0
586,3,2,1
587,3,3,0
588,3,3,0
589,3,3,0
590,3,3,0
591,3,3,0
592,7,5,2
593,3,3,0
594,3,3,0
595,3,3,0
596,3,3,0
597,3,3,0
598,3,3,0
599,3,3,0
600,3,2,1
601,3,3,0
602,3,3,0
603,3,3,0
604,3,2,1
605,3,3,0
606,3,3,0
607,3,3,0
608,3,3,0
609,3,3,0
610,3,3,0
611,3,3,0
612,3,3,0
613,3,3,0
614,3,3,0
615,3,3,0
616,3,3,0
617,3,3,0
618,3,3,0
619,3,3,0
620,3,3,0
621,3,3,0
622,3,3,0
623,3,3,0
624,3,2,1
625,3,3,0
626,3,3,0
627,3,3,0
628,3,3,0
629,3,3,0
630,3,3,0
631,3,3,0
632,3,3,0
633,3,3,0
634,3,2,1
635,3,3,0
636,3,3,0
637,3,3,0
638,3,3,0
639,3,3,0
640,7,7,0
641,7,6,1
642,3,3,0
643,3,2,1
644,3,3,0
645,3,3,0
646,3,3,0
647,10,10,0
648,3,2,1
649,3,2,1
650,3,3,0
651,3,3,0
652,10,10,0
653,3,3,0
654,3,3,0
655,3,3,0
656,3,3,0
657,3,3,0
658,3,3,0
659,3,3,0
660,3,3,0
661,3,3,0
662,3,3,0
663,1,1,0
664,3,3,0
665,3,3,0
666,3,3,0
667,3,3,0
668,3,3,0
669,3,2,1
670,3,3,0
671,3,3,0
672,3,3,0
673,3,3,0
674,3,3,0
675,3,3,0
676,3,3,0
677,3,3,0
678,3,3,0
679,3,3,0
680,3,3,0
681,3,3,0
682,3,3,0
683,3,3,0
684,3,3,0
685,3,3,0
686,3,3,0
687,3,3,0
688,3,3,0
689,3,3,0
690,3,3,0
691,3,3,0
692,3,3,0
693,3,3,0
694,3,3,0
695,3,3,0
696,3,3,0
697,3,3,0
698,3,3,0
699,3,3,0
700,3,3,0
701,3,3,0
702,3,3,0
703,3,3,0
704,3,3,0
705,3,3,0
706,3,3,0
707,3,3,0
708,3,3,0
709,3,3,0
710,3,3,0
711,3,3,0
712,3,2,1
713,3,3,0
714,3,3,0
715,3,3,0
716,3,2,1
717,3,3,0
718,3,3,0
719,3,3,0
720,3,3,0
721,3,3,0
722,3,3,0
723,3,3,0
724,3,3,0
725,3,3,0
726,3,3,0
727,3,3,0
728,3,3,0
729,3,3,0
730,3,3,0
731,3,3,0
732,3,3,0
733,3,3,0
734,3,3,0
735,3,3,0
736,3,2,1
737,3,3,0
738,3,3,0
739,3,3,0
740,3,3,0
741,3,3,0
742,3,3,0
743,3,3,0
744,3,3,0
745,3,3,0
746,3,3,0
747,3,3,0
748,3,3,0
749,3,3,0
750,3,3,0
751,3,3,0
752,3,3,0
753,3,3,0
754,3,3,0
755,3,3,0
756,3,3,0
757,3,3,0
758,3,3,0
759,3,2,1
760,3,3,0
761,3,3,0
762,3,3,0
763,3,3,0
764,3,3,0
765,3,3,0
766,3,3,0
767,3,2,1
768,3,3,0
769,3,3,0
770,3,1,2
771,3,3,0
772,3,3,0
773,3,3,0
774,3,3,0
775,3,3,0
776,3,3,0
777,3,3,0
778,3,3,0
779,3,3,0
780,3,3,0
781,3,3,0
782,3,3,0
783,3,3,0
784,10,10,0
785,3,3,0
786,3,3,0
787,3,3,0
788,3,3,0
789,3,3,0
790,3,3,0
791,3,3,0
792,3,3,0
793,3,3,0
794,3,3,0
795,3,3,0
796,3,3,0
797,3,3,0
798,3,3,0
799,3,3,0
800,3,3,0
801,3,3,0
802,3,3,0
803,3,2,1
804,3,3,0
805,3,3,0
806,3,3,0
807,3,3,0
808,3,2,1
809,3,3,0
810,3,3,0
811,3,3,0
812,3,3,0
813,3,3,0
814,3,3,0
815,3,3,0
816,3,3,0
817,3,1,2
818,3,3,0
819,3,3,0
820,3,3,0
821,3,2,1
822,3,2,1
823,3,3,0
824,3,3,0
825,10,9,1
826,3,2,1
827,3,2,1
828,3,3,0
829,3,3,0
830,3,3,0
831,3,3,0
832,3,3,0
833,3,3,0
834,3,3,0
835,3,3,0
836,3,3,0
837,3,3,0
838,3,3,0
839,3,3,0
840,3,3,0
841,3,2,1
842,3,3,0
843,3,3,0
844,3,3,0
845,3,3,0
846,3,3,0
847,3,3,0
848,3,3,0
849,3,3,0
850,3,2,1
851,3,2,1
852,10,8,2
853,3,3,0
854,3,3,0
855,3,3,0
856,3,3,0
857,3,3,0
858,3,3,0
859,3,3,0
860,3,3,0
861,3,3,0
862,3,3,0
863,3,3,0
864,3,3,0
865,3,3,0
866,3,3,0
867,3,2,1
868,3,1,2
869,1,1,0
870,3,3,0
871,3,3,0
872,3,3,0
873,3,3,0
874,3,1,2
875,3,2,1
876,3,3,0
877,3,3,0
878,3,3,0
879,3,2,1
880,3,3,0
881,3,2,1
882,3,3,0
883,3,3,0
884,3,3,0
885,3,2,1
886,3,3,0
887,3,2,1
888,3,3,0
889,3,3,0
890,3,2,1
891,3,3,0
892,3,1,2
893,3,2,1
894,3,3,0
895,3,2,1
896,3,3,0
897,3,3,0
898,3,3,0
899,3,3,0
900,3,3,0
901,3,3,0
902,3,2,1
903,3,3,0
904,3,3,0
905,3,3,0
906,3,3,0
907,3,3,0
908,3,3,0
909,3,3,0
910,3,2,1
911,3,3,0
912,3,3,0
913,3,3,0
914,3,3,0
915,3,3,0
916,1,1,0
917,3,3,0
918,1,1,0
919,3,3,0
920,1,1,0
921,1,1,0
922,1,1,0
923,3,3,0
924,1,1,0
925,1,1,0
926,1,1,0
927,1,1,0
928,1,1,0
929,5,5,0
930,1,1,0
931,3,3,0
932,31,21,10
933,5,4,1
934,1,1,0
935,1,1,0
936,1,1,0
937,1,1,0
938,1,1,0
939,1,1,0
940,1,1,0
941,1,1,0
942,1,1,0
943,1,0,1
944,1,1,0
945,1,1,0
946,1,1,0
947,1,1,0
948,1,0,1
949,1,0,1
950,1,1,0
951,1,1,0
952,1,1,0
953,1,1,0
954,1,1,0
955,1,1,0
956,1,1,0
957,1,1,0
958,1,1,0
959,1,1,0
960,1,1,0
961,1,1,0
962,1,1,0
963,1,1,0
964,1,1,0
965,1,1,0
966,1,1,0
967,1,1,0
968,1,1,0
969,1,1,0
970,1,1,0
971,1,1,0
972,1,1,0
973,4,3,1
974,1,0,1
975,1,1,0
976,1,1,0
977,1,1,0
978,1,1,0
979,4,4,0
980,1,1,0
981,1,1,0
982,1,1,0
983,1,1,0
984,1,1,0
985,1,1,0
986,1,1,0
987,1,1,0
988,1,1,0
989,1,1,0
990,1,1,0
991,1,1,0
992,1,1,0
993,1,1,0
994,1,1,0
995,1,1,0
996,1,1,0
997,1,0,1
998,3,3,0
999,1,1,0
1000,1,0,1
1001,1,1,0
1002,1,1,0
1003,1,1,0
1004,3,3,0
1005,3,2,1
1006,1,0,1
1007,3,1,2
1008,3,2,1
1009,1,1,0
1010,3,3,0
1011,1,1,0
1012,1,1,0
1013,1,1,0
1014,1,1,0
1015,1,1,0
1016,1,1,0
1017,1,1,0
1018,1,1,0
1019,1,0,1
1020,1,1,0
1021,1,1,0
1022,1,1,0
1023,1,1,0
1024,4,4,0
1025,1,1,0
1026,1,1,0
1027,1,0,1
1028,1,1,0
1029,1,1,0
1030,1,1,0
1031,1,1,0
1032,1,1,0
1033,1,1,0
1034,1,1,0
1035,1,1,0
1036,1,1,0
1037,1,1,0
1038,31,25,6
1039,1,1,0
1040,1,1,0
1041,1,1,0
1042,1,1,0
1043,1,1,0
1044,1,1,0
1045,1,1,0
1046,1,1,0
1047,1,1,0
1048,1,1,0
1049,3,0,3
1050,1,0,1
1051,1,0,1
1052,1,1,0
1053,1,1,0
1054,1,1,0
1055,1,1,0
1056,1,1,0
1057,1,1,0
1058,1,1,0
1059,1,1,0
1060,1,1,0
1061,1,1,0
1062,1,1,0
1063,1,1,0
1064,1,0,1
1065,1,1,0
1066,1,1,0
1067,1,1,0
1068,1,1,0
1069,1,1,0
1070,3,3,0
1071,1,1,0
1072,1,1,0
1073,4,4,0
1074,1,1,0
1075,1,1,0
1076,1,1,0
1077,3,2,1
1078,1,1,0
1079,1,0,1
1080,1,1,0
1081,1,1,0
1082,1,1,0
1083,1,1,0
1084,1,1,0
1085,1,1,0
1086,1,1,0
1087,1,1,0
1088,1,1,0
1089,1,1,0
1090,1,0,1
1091,1,1,0
1092,1,1,0
1093,1,1,0
1094,1,1,0
1095,1,1,0
1096,1,1,0
1097,1,1,0
1098,3,3,0
1099,1,1,0
1100,3,2,1
1101,1,1,0
1102,1,1,0
1103,3,2,1
1104,1,1,0
1105,1,1,0
1106,1,1,0
1107,1,1,0
1108,3,3,0
1109,1,1,0
1110,1,1,0
1111,1,1,0
1112,1,1,0
1113,1,1,0
1114,1,1,0
1115,1,1,0
1116,3,3,0
1117,1,1,0
1118,1,1,0
1119,1,1,0
1120,1,1,0
1121,1,1,0
1122,4,4,0
1123,1,1,0
1124,1,1,0
1125,31,28,3
1126,1,1,0
1127,1,1,0
1128,1,1,0
1129,1,1,0
1130,1,1,0
1131,1,1,0
1132,1,1,0
1133,1,1,0
1134,1,1,0
1135,4,4,0
1136,1,1,0
1137,1,1,0
1138,1,1,0
1139,1,1,0
1140,1,1,0
1141,1,1,0
1142,1,1,0
1143,1,1,0
1144,1,1,0
1145,1,1,0
1146,1,1,0
1147,1,1,0
1148,1,1,0
1149,1,1,0
1150,1,1,0
1151,11,10,1
1152,1,1,0
1153,1,1,0
1154,1,1,0
1155,3,3,0
1156,1,1,0
1157,1,1,0
1158,1,1,0
1159,1,0,1
1160,1,1,0
1161,3,2,1
1162,1,1,0
1163,1,1,0
1164,1,1,0
1165,1,1,0
1166,4,3,1
1167,1,1,0
1168,1,0,1
1169,1,1,0
1170,246,231,15
1171,1,1,0
1172,1,1,0
1173,4,4,0
1174,4,4,0
1175,4,3,1
1176,4,4,0
1177,3,3,0
1178,1,1,0
1179,3,2,1
1180,1,1,0
1181,1,1,0
1182,1,1,0
1183,1,1,0
1184,1,1,0
1185,1,1,0
1186,1,1,0
1187,1,1,0
1188,1,1,0
1189,1,1,0
1190,1,1,0
1191,1,1,0
1192,1,1,0
1193,1,1,0
1194,3,3,0
1195,3,3,0
1196,1,1,0
1197,3,3,0
1198,3,3,0
1199,1,0,1
1200,3,3,0
1201,3,3,0
1202,1,1,0
1203,1,1,0
1204,1,0,1
1205,26,24,2
1206,1,1,0
1207,3,1,2
1208,3,3,0
1209,3,3,0
1210,3,3,0
1211,56,53,3
1212,3,3,0
1213,10,10,0
1214,3,3,0
1215,3,3,0
1216,3,3,0
1217,25,25,0
1218,3,3,0
1219,1,1,0
1220,1,1,0
1221,1,0,1
1222,1,1,0
1223,1,1,0
1224,1,0,1
1225,1,1,0
1226,10,10,0
1227,1,0,1
1228,1,1,0
1229,1,1,0
1230,1,1,0
1231,1,1,0
1232,3,1,2
1233,1,1,0
1234,1,1,0
1235,1,1,0
1236,1,0,1
1237,1,1,0
1238,1,1,0
1239,1,1,0
1240,1,1,0
1241,1,1,0
1242,1,1,0
1243,3,1,2
1244,1,1,0
1245,1,0,1
1246,1,1,0
1247,1,1,0
1248,1,1,0
1249,1,1,0
1250,1,1,0
1251,1,1,0
1252,1,1,0
1253,4,3,1
1254,1,1,0
1255,3,3,0
1256,1,1,0
1257,1,1,0
1258,1,1,0
1259,11,10,1
1260,1,1,0
1261,1,1,0
1262,1,1,0
1263,1,1,0
1264,1,1,0
1265,1,1,0
1266,1,1,0
1267,1,1,0
1268,1,1,0
1269,1,1,0
1270,1,1,0
1271,1,1,0
1272,1,0,1
1273,1,1,0
1274,1,1,0
1275,1,1,0
1276,1,1,0
1277,1,1,0
1278,1,1,0
1279,1,1,0
1280,4,3,1
1281,1,1,0
1282,1,1,0
1283,1,1,0
1284,1,1,0
1285,1,1,0
1286,1,1,0
1287,1,1,0
1288,1,1,0
1289,1,1,0
1290,1,1,0
1291,1,1,0
1292,1,1,0
1293,1,1,0
1294,1,1,0
1295,1,1,0
1296,1,1,0
1297,1,1,0
1298,1,1,0
1299,1,1,0
1300,1,1,0
1301,1,1,0
1302,1,1,0
1303,1,1,0
1304,1,1,0
1305,1,1,0
1306,1,1,0
1307,1,1,0
1308,1,1,0
1309,1,1,0
1310,1,1,0
1311,1,1,0
1312,1,1,0
1313,1,1,0
1314,1,1,0
1315,1,1,0
1316,1,1,0
1317,4,3,1
1318,1,1,0
1319,1,1,0
1320,1,1,0
1321,1,1,0
1322,31,19,12
1323,1,1,0
1324,1,1,0
1325,11,9,2
1326,4,4,0
1327,1,1,0
1328,1,1,0
1329,1,1,0
1330,1,1,0
1331,1,1,0
1332,1,1,0
1333,1,1,0
1334,1,1,0
1335,1,1,0
1336,1,1,0
1337,1,1,0
1338,1,1,0
1339,1,1,0
1340,4,4,0
1341,1,1,0
1342,1,1,0
1343,11,11,0
1344,1,1,0
1345,1,1,0
1346,1,0,1
1347,31,27,4
1348,1,1,0
1349,11,10,1
1350,1,1,0
1351,1,1,0
1352,1,1,0
1353,1,1,0
1354,1,1,0
1355,1,1,0
1356,1,1,0
1357,1,1,0
1358,1,0,1
1359,1,1,0
1360,1,1,0
1361,1,0,1
1362,1,1,0
1363,1,1,0
1364,1,1,0
1365,1,1,0
1366,1,1,0
1367,1,1,0
1368,1,1,0
1369,1,1,0
1370,4,1,3
1371,1,1,0
1372,1,1,0
1373,1,1,0
1374,1,1,0
1375,1,1,0
1376,1,0,1
1377,1,1,0
1378,1,1,0
1379,1,0,1
1380,1,1,0
1381,4,4,0
1382,11,10,1
1383,1,1,0
1384,1,1,0
1385,1,1,0
1386,4,3,1
1387,1,1,0
1388,1,1,0
1389,1,1,0
1390,1,1,0
1391,1,1,0
1392,1,1,0
1393,1,1,0
1394,1,1,0
1395,1,1,0
1396,1,1,0
1397,1,1,0
1398,1,1,0
1399,1,1,0
1400,1,1,0
1401,1,1,0
1402,1,1,0
1403,1,1,0
1404,1,1,0
1405,1,1,0
1406,1,1,0
1407,1,1,0
1408,1,1,0
1409,1,1,0
1410,3,3,0
1411,1,1,0
1412,3,3,0
1413,1,1,0
1414,1,1,0
1415,1,1,0
1416,1,1,0
1417,3,2,1
1418,1,1,0
1419,1,1,0
1420,1,1,0
1421,1,1,0
1422,3,1,2
1423,4,3,1
1424,1,1,0
1425,1,1,0
1426,1,1,0
1427,1,1,0
1428,1,1,0
1429,1,1,0
1430,1,1,0
1431,1,1,0
1432,1,1,0
1433,1,1,0
1434,1,1,0
1435,1,1,0
1436,1,1,0
1437,1,1,0
1438,1,1,0
1439,1,1,0
1440,1,1,0
1441,1,1,0
1442,1,1,0
1443,1,1,0
1444,1,1,0
1445,1,1,0
1446,1,1,0
1447,1,1,0
1448,1,1,0
1449,1,1,0
1450,1,1,0
1451,1,1,0
1452,1,1,0
1453,1,1,0
1454,10,0,10
1455,1,1,0
1456,1,1,0
1457,1,1,0
1458,1,1,0
1459,1,1,0
1460,1,1,0
1461,1,1,0
1462,4,4,0
1463,1,1,0
1464,4,3,1
1465,1,1,0
1466,1,1,0
1467,1,1,0
1468,1,1,0
1469,1,1,0
1470,1,1,0
1471,1,1,0
1472,1,1,0
1473,1,1,0
1474,1,1,0
1475,1,1,0
1476,1,1,0
1477,1,1,0
1478,1,1,0
1479,1,1,0
1480,1,1,0
1481,1,1,0
1482,4,4,0
1483,1,1,0
1484,1,1,0
1485,1,1,0
1486,1,1,0
1487,1,1,0
1488,1,1,0
1489,1,1,0
1490,4,3,1
1491,1,0,1
1492,1,1,0
1493,1,1,0
1494,1,1,0
1495,3,3,0
1496,1,1,0
1497,1,1,0
1498,1,1,0
1499,1,1,0
1500,1,1,0
1501,1,1,0
1502,1,1,0
1503,1,1,0
1504,4,4,0
1505,1,1,0
1506,1,0,1
1507,1,1,0
1508,1,1,0
1509,1,1,0
1510,1,1,0
1511,1,1,0
1512,1,1,0
1513,1,1,0
1514,1,1,0
1515,1,1,0
1516,1,0,1
1517,1,1,0
1518,1,1,0
1519,1,1,0
1520,1,1,0
1521,1,1,0
1522,1,1,0
1523,3,3,0
1524,1,0,1
1525,1,1,0
1526,1,1,0
1527,1,1,0
1528,1,1,0
1529,1,0,1
1530,3,2,1
1531,1,1,0
1532,1,1,0
1533,1,1,0
1534,1,1,0
1535,1,1,0
1536,1,0,1
1537,4,3,1
1538,3,3,0
1539,4,3,1
1540,1,0,1
1541,1,1,0
1542,4,4,0
1543,1,1,0
1544,1,1,0
1545,1,1,0
1546,1,1,0
1547,1,1,0
1548,3,3,0
1549,3,3,0
1550,1,1,0
1551,1,1,0
1552,1,1,0
1553,1,1,0
1554,1,1,0
1555,1,1,0
1556,1,1,0
1557,10,10,0
1558,3,3,0
1559,4,4,0
1560,1,1,0
1561,1,1,0
1562,1,1,0
1563,1,0,1
1564,1,1,0
1565,1,1,0
1566,1,0,1
1567,1,1,0
1568,1,1,0
1569,1,1,0
1570,1,1,0
1571,1,1,0
1572,1,1,0
1573,1,0,1
1574,1,1,0
1575,4,4,0
1576,1,1,0
1577,1,1,0
1578,1,1,0
1579,1,1,0
1580,1,0,1
1581,1,1,0
1582,1,1,0
1583,1,1,0
1584,1,1,0
1585,1,1,0
1586,31,18,13
1587,1,1,0
1588,1,1,0
1589,4,3,1
1590,1,1,0
1591,1,1,0
1592,1,1,0
1593,1,1,0
1594,1,1,0
1595,5,5,0
1596,1,0,1
1597,1,1,0
1598,1,1,0
1599,1,1,0
1600,1,1,0
1601,1,1,0
1602,1,1,0
1603,1,1,0
1604,4,4,0
1605,1,1,0
1606,1,1,0
1607,1,0,1
1608,1,1,0
1609,1,1,0
1610,1,1,0
1611,1,1,0
1612,1,0,1
1613,1,1,0
1614,1,1,0
1615,1,1,0
1616,1,1,0
1617,1,1,0
1618,1,1,0
1619,1,1,0
1620,1,0,1
1621,5,5,0
1622,1,1,0
1623,1,1,0
1624,1,0,1
1625,1,1,0
1626,1,1,0
1627,4,1,3
1628,1,1,0
1629,1,1,0
1630,1,1,0
1631,1,1,0
1632,1,1,0
1633,1,1,0
1634,1,1,0
1635,1,1,0
1636,1,1,0
1637,1,1,0
1638,1,1,0
1639,1,1,0
1640,1,0,1
1641,1,1,0
1642,1,1,0
1643,4,3,1
1644,1,0,1
1645,1,0,1
1646,1,1,0
1647,1,1,0
1648,1,1,0
1649,3,2,1
1650,31,16,15
1651,31,15,16
1652,31,18,13
1653,1,1,0
1654,31,25,6
1655,31,24,7
1656,31,27,4
1657,31,25,6
1658,15,15,0
1659,3,1,2
