juror,total_votes,votes_cast,votes_missed,vote_0,vote_1,vote_2,participation_rate
0x001FE2CdBEeB0743679E958C0861Dd8788B28b19,18,14,4,0,0,0,0.7777777777777778
0x0032dd3EcfF7B672A8E2C28FCAb1Aa1cC50F81f1,7,5,2,0,0,0,0.7142857142857143
0x0053546e2034c25805eba84055cc6CFF7FaD1307,1,0,1,0,0,0,0.0
0x0065A0dE2b430c502F75bFF3716Fe5a222Cd4E3b,1,1,0,0,0,0,1.0
0x00B5ADe4ac1fE9cCc08Addc2C10070642335117F,92,84,8,0,0,0,0.9130434782608695
0x010afb8548a5D1a3a3D62f58CA0a5A1329974206,92,91,1,0,0,0,0.9891304347826086
0x01C623b3d66B8D28D2B6d1Fc41E3c2835f1acD86,1,0,1,0,0,0,0.0
0x029287eDe1164d2cB38Cc041cF6C3a5fb9eBb7cf,2,1,1,0,0,0,0.5
0x037cDD64F9b2E00fc6B7a1aA3E6152AFF8718540,1,0,1,0,0,0,0.0
0x0386283D182A33f2Ee375090ed591440160Ff158,1,0,1,0,0,0,0.0
0x040636FaD0540596A0CEe6de64185D6d25FBFF00,6,5,1,0,0,0,0.8333333333333334
0x04B2730E2d4815F9023d402ab4fD7EeEDD5Cd423,1,0,1,0,0,0,0.0
0x05189bdAE2681091C70D9Cf7cD201a4b8878031f,1,0,1,0,0,0,0.0
0x05A15B985aF30d664F731f1cF2bEE9C9Dc0A1D0f,3,3,0,0,0,0,1.0
0x05C990bDD5798243377470085aa274906e70C466,2,2,0,0,0,0,1.0
0x06F166E11d765aE936E7ec36777E1b4B6f0Cb83B,2,0,2,0,0,0,0.0
0x06F65D5e97b796E47263110F305d005b2733CD1a,18,14,4,0,0,0,0.7777777777777778
0x0855f08E143E1db081cC3c571F40787dcFb69b9d,9,9,0,0,0,0,1.0
0x08EF7dd64c2839c17db78203248E585A5366d01e,2,2,0,0,0,0,1.0
0x0A24659FdB1E2c12b9cf71d294f03F9D27f1591f,20,19,1,0,0,0,0.95
0x0A388F92F1526Fa3d4CC317D8Fe8004b03B9DCd7,1,1,0,0,0,0,1.0
0x0AE72609b7b6269bb1a289761120d490150B04a3,2,2,0,0,0,0,1.0
0x0B072F12B7C0cc5F115c795cDd8962aeCC215C15,2,2,0,0,0,0,1.0
0x0B757D70e6911fD5c3E7e8157da0069ce7657f34,14,13,1,0,0,0,0.9285714285714286
0x0BBF9f25c863FdF19E645C96280004d24f43Cb38,1,1,0,0,0,0,1.0
0x0C434B29b5D31d5E660B22FAAef885c740a9E581,10,6,4,0,0,0,0.6
0x0D256C49E5DF2B9bAE2A04b6C2622AC459396dc2,4,4,0,0,0,0,1.0
0x0Da8b71D69aA0692a0a7F8fD345575E9A5AAB282,1,1,0,0,0,0,1.0
0x0Dcf343179A4Ca87b03AeaCd31c50408c0AB0DcC,1,1,0,0,0,0,1.0
0x0De8947c2ABd59C201e5EcE142bFCd22253BFC0d,1,1,0,0,0,0,1.0
0x0E124fB703BAe79cbC11a6CfDA5c40A766D20394,3,0,3,0,0,0,0.0
0x0F37785a3Fa5a39759Eb8E72da6c3e031fCF93DE,1,1,0,0,0,0,1.0
0x0F60f7C61664B17203CBDeb3D87444d4Ce02cAED,14,14,0,0,0,0,1.0
0x0FA960785B6B5979c7B0A0ED2ffC96329C6F09A9,1,0,1,0,0,0,0.0
0x0FBF3fdeC47CfC99C344b2A63F076fafCC840850,1,1,0,0,0,0,1.0
0x0Fe7781720a5f20CB6968505A1b24092702A1553,1,0,1,0,0,0,0.0
0x0c4B65bEAdb705b927Ab68a1B00055f74579F997,2,1,1,0,0,0,0.5
0x0d0C51021A80C4002c14593d5c2fCCF22D2eb475,9,9,0,0,0,0,1.0
0x0d6857A22e9F78F6D935bAe24A763dbbdC128144,1,1,0,0,0,0,1.0
0x105078bf14fa92AB24f983df63b8e57414b933cF,2,1,1,0,0,0,0.5
0x10707F6060E7B3565A784628633DCe54AF9f0D01,10,10,0,0,0,0,1.0
0x10Ae0e6A818a268F359F7c3e04c32425F0dc1D10,1,1,0,0,0,0,1.0
0x10beFF1B93cB379C2D4C1848E7cAdf7df5b7d19a,2,1,1,0,0,0,0.5
0x11B1785D9Ac81480c03210e89F1508c8c115888E,14,11,3,0,0,0,0.7857142857142857
0x11Cf1a92bd127336b33C2ed86FE13A9ee628733f,3,3,0,0,0,0,1.0
0x129d7B969e56339bB417B58A4f8CAaEC8f438aCE,2,2,0,0,0,0,1.0
0x12FA14C9F49CeE96c4F6ba8c7497F7Ef825cAe37,51,49,2,0,0,0,0.9607843137254902
0x12a59989f8F06130bdA8D6E936B2045C734F19aC,1,0,1,0,0,0,0.0
0x131975CA3E75259e60AFeb1cd34051A6804dA505,2,2,0,0,0,0,1.0
0x131a9A36Ea25aFB4Ed1a4510eE4B36E369d0F699,4,0,4,0,0,0,0.0
0x133D93566f9699B3Af46fE150daA8a67a9563ED6,5,5,0,0,0,0,1.0
0x13674fF44C631dc134De6B6a15Fa3fA7A354d773,1,1,0,0,0,0,1.0
0x139Ac796dA6BD4C889bfc88F0BB4d34a852604B5,1,1,0,0,0,0,1.0
0x1545981eb44Bbd109Fc3D73269B22D796460Ca85,1,0,1,0,0,0,0.0
0x158001D8789a0Cd6eB68cE9F0a97C651fC0B9601,4,3,1,0,0,0,0.75
0x162076Db70bdEda23994Bd1FD5fb4E916c6a88e9,22,21,1,0,0,0,0.9545454545454546
0x17281fA31CfB66EDBCA00577a22bCf1570c9f8bd,1,1,0,0,0,0,1.0
0x17a85F0430705Bd4D8734E99CEB6d0D5A1B21e82,1,0,1,0,0,0,0.0
0x17ca1a1e468b3458Fac04DEa3Ceca672424eE85F,1,0,1,0,0,0,0.0
0x185DBDd3b0c16b8C0ee9c3055B6517AD4650E04f,1,1,0,0,0,0,1.0
0x188C30E9A6527F5F0c3f7fe59B72ac7253C62F28,10,9,1,0,0,0,0.9
0x1891E9b1dc9dfCc0fd514DfBD3652e80B7812A89,1,0,1,0,0,0,0.0
0x18e14280695AFDd3655B7999D63Cf51F56052e35,1,0,1,0,0,0,0.0
0x197A78Fe1bD3BBb64c1325c027bdE8F67Bac1770,1,0,1,0,0,0,0.0
0x19BA26834B8263ba087443e1bdF903b2e228E35b,2,2,0,0,0,0,1.0
0x1A7D20F8bd74EeD5ba703dA4Fae5bdf1bA69c2Ab,63,49,14,0,0,0,0.7777777777777778
0x1D2F8a45fF6244f43079d116fe70c304B1D51D3f,1,1,0,0,0,0,1.0
0x1D899a06Fb04b276aeDd87EE3A9d937292884F4a,17,15,2,0,0,0,0.8823529411764706
0x1D9a3491E28c2E688d9C3C846391eeF345d68C6c,64,62,2,0,0,0,0.96875
0x1E0833f26b038ff022EcA9eBAeD90e83c606E41e,4,0,4,0,0,0,0.0
0x1E46d1a18A3eF9492090782F97345b46318AfF69,5,4,1,0,0,0,0.8
0x1F06339Dd63F78711532164de493AE05e2b8B4b8,3,3,0,0,0,0,1.0
0x1FcB32c860b9F4c0DF99d1fd54E7CE958E9e93cC,42,42,0,0,0,0,1.0
0x1Fdc80eFdA62Ef62CDC41395Da6227499166e349,1,0,1,0,0,0,0.0
0x1bc9e52bAa93Dab1a47c3168f6d82ED08856Ec83,11,11,0,0,0,0,1.0
0x204004ec231bC8f989dA8C643F536DC653f7E5c2,12,12,0,0,0,0,1.0
0x20862Da5CbDb46Aed6409F8987ffB828Aa981db8,11,9,2,0,0,0,0.8181818181818182
0x208d058c63f973e6753f1bde554F8E431f1A11Eb,4,4,0,0,0,0,1.0
0x20DE5f735469F03714cD1b1e30be30931F9E5E5d,1,0,1,0,0,0,0.0
0x21358465c27557b6F2F56d88346E921D40Ce3b37,1,1,0,0,0,0,1.0
0x21478A81Be650Ca1C03e04Fe615bfE6d5478fC5E,6,2,4,0,0,0,0.3333333333333333
0x215AE5E25647DADa54573c3de6924d8dC9F77ca6,6,6,0,0,0,0,1.0
0x215C050A6a9f8105c48BBDd0df6524799188cFF4,13,13,0,0,0,0,1.0
0x21E76a0Fe833ec5bFefbfAf9Ddb9c23439818a8c,4,3,1,0,0,0,0.75
0x21aF5166e41Dc3371D062131af9D6A25e0F5c7d1,1,0,1,0,0,0,0.0
0x21d05071cA08593e13cd3aFD0b4869537e015C92,2,2,0,0,0,0,1.0
0x22Acb809d08aE7c79F0b84513EfCE0577acFE514,2,0,2,0,0,0,0.0
0x22cA86624cF039d5DD769E5087D6c4D47269A544,9,4,5,0,0,0,0.4444444444444444
0x230c40fF3dD28910a959FE135342ce9E8250ED12,4,4,0,0,0,0,1.0
0x23652aB0B373ea18dC62bCa25673a874Fd2585D6,2,2,0,0,0,0,1.0
0x23EEBb090C430783Bf0665478ea6d5793B44a3c3,4,4,0,0,0,0,1.0
0x23f283a4E2DbCeB8286799eAc13d83ee928D9B44,1,1,0,0,0,0,1.0
0x24D0Db7E182fCD29DdeA14C04BCb182c89CBB0C0,32,32,0,0,0,0,1.0
0x24D55b7da98A675BCe37bC89909b5F73A568a1d5,2,2,0,0,0,0,1.0
0x2537E26521a15775510157fedC250B986D57685e,1,0,1,0,0,0,0.0
0x2598ddBEeCD659D56F1918a5973C927B129b13eC,37,35,2,0,0,0,0.9459459459459459
0x25EC0F42F9F73E3c8563300Fe75A5C4b8160B5e7,2,2,0,0,0,0,1.0
0x26406BD6C6B86EB5589107c9951ff4708Dbd0fFE,1,0,1,0,0,0,0.0
0x2666A31145239e45478afF1244E707832cE79cE9,4,2,2,0,0,0,0.5
0x26e9657F97C7f158c588C892Cba2700eaC60dFDc,4,4,0,0,0,0,1.0
0x26f580E930D7982f82138621F074A01a75adc920,1,0,1,0,0,0,0.0
0x271F379b4FA3D1f362Ad86Eb1Ee7108060a7fc09,6,5,1,0,0,0,0.8333333333333334
0x27283140E9Eb6a98Bd1bAbE7e0cDa82eC6374088,4,1,3,0,0,0,0.25
0x272F858760f8b2267525237Adee108EAC25f1C9e,2,2,0,0,0,0,1.0
0x276a05a2eD4637CBd1fd4994f6bD0539e4E7031D,15,14,1,0,0,0,0.9333333333333333
0x279ba53A1aD77793544eaf2AC7398a7BD7361aAA,3,2,1,0,0,0,0.6666666666666666
0x27fE00A5a1212e9294b641BA860a383783016C67,73,69,4,0,0,0,0.9452054794520548
0x29df91960f940c6224346aD9268854a4376a6578,11,11,0,0,0,0,1.0
0x2A1049062c6Cfd69bd38fbaf3b0559DF1DBbc92c,2,2,0,0,0,0,1.0
0x2A8cad219b99Ca877fD8816abBC86F989070Cd7f,1,0,1,0,0,0,0.0
0x2B3ED1D32590dce372CE57f186c2c9EEF283685d,1,1,0,0,0,0,1.0
0x2C1BDEde8786a33Ffd35b7AD889CB4085F8c2a1C,1,0,1,0,0,0,0.0
0x2C26AA15Bd6df2ea32d08a0E0D92ab3E32980d40,14,13,1,0,0,0,0.9285714285714286
0x2D4f248fF1E4EedFaC4aa636A1e7271E44aeE5c1,1,0,1,0,0,0,0.0
0x2E2Ea30Ba045Df4bC38e80cF11E119E12e06C1C2,3,3,0,0,0,0,1.0
0x2E66504963b7C948E77B17A803419F67e72d1290,4,4,0,0,0,0,1.0
0x2E79334aAc0D9E28a45f21c66E13C66d1E4549d7,1,0,1,0,0,0,0.0
0x2a15D5F624659284dCAd57b3aa47A0360957e369,1,0,1,0,0,0,0.0
0x2a47fb90Bd1AC3c6056D2C05C5c59A5F042310aA,12,12,0,0,0,0,1.0
0x2a7b76feF91A276b6CCcD9364ed483ae5e312f50,2,1,1,0,0,0,0.5
0x2aE7F36525D2F99C12b8698Fa588fdAD6cF04c19,1,1,0,0,0,0,1.0
0x2be87ce2a957859dacf460C507fa76aE80260b58,2,2,0,0,0,0,1.0
0x2c7Be4D348e1E75c4C557F400264944a1A564C52,2,1,1,0,0,0,0.5
0x2cB62f69D47921da5B0bdd5c650685a2ac9C3853,19,19,0,0,0,0,1.0
0x2e879c8F58A470ec71cfB8F49cf4513122E46964,33,29,4,0,0,0,0.8787878787878788
0x2eE1A0a239e27215740D93C1aF6D4395BD9387ba,2,2,0,0,0,0,1.0
0x2ecbA8098C7C112532F02F2295b0df0732b96527,1,0,1,0,0,0,0.0
0x2fF064D951996C9fe70d6Ba22D8684F37B2e24eC,15,15,0,0,0,0,1.0
0x30441c238e465b5E4B2AAbE0DA93B5Ae3bbD1a1e,1,1,0,0,0,0,1.0
0x3085F25455B821EeDCFf10433fee6723d34c2426,22,21,1,0,0,0,0.9545454545454546
0x31c906774Fa676fE97F615C3D5aFea8AEC72Bf78,2,2,0,0,0,0,1.0
0x33235Db0D76c26E6238EEb2cFd8B127A94202e5C,6,4,2,0,0,0,0.6666666666666666
0x333664b584D61DCd0AC937d586293FC76649324e,1,1,0,0,0,0,1.0
0x334F12AfB7D8740868bE04719639616533075234,107,104,3,0,0,0,0.9719626168224299
0x33CaF240767cF48acFae99c9A3Dd2b8e7164d89C,5,5,0,0,0,0,1.0
0x34Bec78b6d155e14060b3a38a8497D560F45D30e,202,200,2,0,0,0,0.9900990099009901
0x34f9D269869851DBCe1Ba159053A30353C9FB95f,1,0,1,0,0,0,0.0
0x3590AC9cF1ec55d1FB86993718EFabf9F1B9373A,4,4,0,0,0,0,1.0
0x369D5fEB8C7C55373Cf5be8C0b1180EA272c85c6,2,2,0,0,0,0,1.0
0x375eAbB196a2D27A23Aa7b410E391b970273c484,1,0,1,0,0,0,0.0
0x379E9883833baF8402414BEF58858cC8c84624d9,11,9,2,0,0,0,0.8181818181818182
0x39d94eD8102740E8Fad63E55473a466Aa20e0983,3,2,1,0,0,0,0.6666666666666666
0x3A10e4702A43663Ec7C77E40f8Ef08027b50906b,1,0,1,0,0,0,0.0
0x3A38dba307b17512B781d478fB95Dd1CD376c187,27,27,0,0,0,0,1.0
0x3F462891248545b596C435c8EDCADECe67DA172f,8,7,1,0,0,0,0.875
0x3b1356CA97A31b3a2DAd0e901b9F73380e00B66D,2,2,0,0,0,0,1.0
0x3b247Ce9390E4AB3FaCbBB2f4590a82B6C7dDb40,18,12,6,0,0,0,0.6666666666666666
0x3c9190Ec05FAA31C57F6145EA7092bcE4FC77A85,25,25,0,0,0,0,1.0
0x3eaD180Ae502757Fc6E444E4Cf3d861FE27fe0AC,1,1,0,0,0,0,1.0
0x404bC8c36188CB2A0E20EB49E4f2C7F12Dd15CE1,1,0,1,0,0,0,0.0
0x41D0fb81f19F67B15cf71F4A3997F08321A614F6,2,2,0,0,0,0,1.0
0x421E4A2A857f7d7dA4fbD96D6268BAF8E5256eEc,1,1,0,0,0,0,1.0
0x42570FC66122cDC5951B843E741EfA99cbDaD21B,2,2,0,0,0,0,1.0
0x42c1Bd0d85F6A3b04E80FAde8be68B406f36D1B3,6,6,0,0,0,0,1.0
0x444804E050961823d66c60CAD8ce7C8Bf80ee7C2,2,1,1,0,0,0,0.5
0x44F096E9190314Bc851eE8c75A9024F42b1E0043,2,1,1,0,0,0,0.5
0x45340796dB27e919783f2DE329A87776b14e1Ca2,1,1,0,0,0,0,1.0
0x45AB2a3cE2e2bB780396De68351e1497DD66E1e8,4,3,1,0,0,0,0.75
0x46FC87fC5a722f91651AECA1dFBB8bE46ACEb101,1,0,1,0,0,0,0.0
0x46fd7e91400833E8AdbEb65E8231718cdd74fa83,2,1,1,0,0,0,0.5
0x47272EF33eB2E19F9051A4040d896bCF0aD764bd,1,1,0,0,0,0,1.0
0x477ADf27A761167484aECCbE08b9D30Aaa12863E,19,17,2,0,0,0,0.8947368421052632
0x48909739001FA130Ea554D45508714824C2467B5,34,32,2,0,0,0,0.9411764705882353
0x4897A206023d9045Bd8f9B36a0CE27542dc86343,1,1,0,0,0,0,1.0
0x48E2A511E5956e5b3f321C43D8dDec68Ef9aE94e,1,0,1,0,0,0,0.0
0x48c49024E2885679D0c9Eb3d4d6e73f2542B5839,1,0,1,0,0,0,0.0
0x4920a95670B6282951813a94D9066A730D315df3,6,5,1,0,0,0,0.8333333333333334
0x494112FB4598BFa9b1Bf5a74533373039De5c734,1,0,1,0,0,0,0.0
0x49721D502266Fb9772Be25be1542a97b95fee721,4,4,0,0,0,0,1.0
0x4A2369C39440C4417B715082CC101cAdA6C4ea6d,2,1,1,0,0,0,0.5
0x4A6E8D9Aacbe6c14b0e8fAebCE86fbf41f11bFB1,77,76,1,0,0,0,0.987012987012987
0x4AB206a28AD6082aEa25AE987F94AdE481BA2f61,1,1,0,0,0,0,1.0
0x4Aa7a49d64E64B253697aa12Bd1eE5dB6bA6B6Da,1,1,0,0,0,0,1.0
0x4C728474925da183b41c4eB73A624D01812a020b,5,3,2,0,0,0,0.6
0x4C9447296A38F56dcBced69A3bAA74bC4CE35816,45,40,5,0,0,0,0.8888888888888888
0x4CD6F476C7CDD6eF76BefFFB44ff4E410d9c7Fd2,1,1,0,0,0,0,1.0
0x4Cf25cc40610269E7c6Cf5C0a76EdA5513A1e13a,6,1,5,0,0,0,0.16666666666666666
0x4D2e661113913190aDB7198A852864923Fe2c823,8,6,2,0,0,0,0.75
0x4E8D0E46E40c9e28A335F987E2e8df2f15ddEf2A,17,16,1,0,0,0,0.9411764705882353
0x4a2c5a0Af8b29cD5Fd8Eb1d02a83150A3ee10488,95,89,6,0,0,0,0.9368421052631579
0x4a557944f9b653ac948e26b56ea3E7ADb25c49C3,3,3,0,0,0,0,1.0
0x4a9A2F31E2009045950DF5aAb36950609DE93c78,2,2,0,0,0,0,1.0
0x4bF40ACe247394e0d3856FD7740C42c28486D30f,1,0,1,0,0,0,0.0
0x4c164Ecf37Da8AAae7187a32fB86fbD63668A982,1,0,1,0,0,0,0.0
0x4cb5E653404E1CA4eF4CEE496f3f677483508d66,91,81,10,0,0,0,0.8901098901098901
0x4cec7A678C6479Cc5610684605aeE0d811b74625,5,1,4,0,0,0,0.2
0x4dFF727Fd5002DAd7E028c6987c394F1913C2137,7,7,0,0,0,0,1.0
0x4e3d8AB2474f0BCF8f145EbdC2D7727C3024DAbf,1,0,1,0,0,0,0.0
0x4e880933AAa461a5FbD0D499f1e142D78f77c8eA,9,9,0,0,0,0,1.0
0x4eB7551bEE1375F4ecBc4D232001db213Ab945dC,4,4,0,0,0,0,1.0
0x503c671DEdBCaD5470C58a80a52d9f8ce9A23886,22,21,1,0,0,0,0.9545454545454546
0x5091A8dE5e7E750F5C7D0a5Fb748a87439050599,15,15,0,0,0,0,1.0
0x509F3f4247f28A89BFA59aFB8748c6FA41da48D0,6,6,0,0,0,0,1.0
0x50C3eAD85c299D7c2b78ee9646880D0FFED9d2a8,9,9,0,0,0,0,1.0
0x50b1799782DFdc5f0aAbd4b6719902d8955596BD,1,1,0,0,0,0,1.0
0x515280Dd3A3d04f97A7a257E22826fa48A2d5309,2,2,0,0,0,0,1.0
0x52Ad58D877e12BE41C7b2282FB999240521f26A6,3,3,0,0,0,0,1.0
0x52B941dFcFedb261d9b49B26b400793aF674DD89,1,1,0,0,0,0,1.0
0x52aeD8Dc30876B18689aE89321DaE6FcD901517E,5,0,5,0,0,0,0.0
0x53446d0123f9D18CB1E96b6c2bdFecc38248CdB8,3,1,2,0,0,0,0.3333333333333333
0x546E1f8a771e1B6e867dD0524dcBc1AB368f12AA,50,50,0,0,0,0,1.0
0x54f58056d6943b2e4567d16010F927C07110BfEE,3,2,1,0,0,0,0.6666666666666666
0x55122fdcA4BA43294677D96C12CE76dAbc459A2B,16,16,0,0,0,0,1.0
0x55e788CE5745eb7612F49FF54e9fCECa91b18448,2,1,1,0,0,0,0.5
0x55ee554Ec351Bcf31cE430F662A535199c33aA6b,25,25,0,0,0,0,1.0
0x56C4EB8698Ee1Ba394CF85690F5d1d06F74587Be,2,0,2,0,0,0,0.0
0x574677ab0A10d3848860F4BBb58480c8bDB401Df,2,2,0,0,0,0,1.0
0x574C1b19d8C40fb897B66C4d681E876FFE41Ee50,24,24,0,0,0,0,1.0
0x5792fC2749214A6fEf94989c63dC863B6E6eE620,3,1,2,0,0,0,0.3333333333333333
0x579c39417284Df4FD42D393b0aC2d63a49cc402b,2,2,0,0,0,0,1.0
0x57c27bbd53afE10af0BF59a8A827bf3dc9647791,5,5,0,0,0,0,1.0
0x58E603d9824976F7a3940C6B408F0Ffa523a216C,1,1,0,0,0,0,1.0
0x59B2f9fCF70C128c02FF7825375abe1260BfC339,1,0,1,0,0,0,0.0
0x59fb64a07eD45803aB40c0Fc4B15930Ac350D0c0,5,5,0,0,0,0,1.0
0x5Aa490e17edf4dE7e8699C5465061Ab44c017993,1,1,0,0,0,0,1.0
0x5C9238b55b318C928Fb1da8D2B28BcCecd7AF125,2,0,2,0,0,0,0.0
0x5D81626Dab13Be9d6a541fbef03bDD88e200b9c7,1,1,0,0,0,0,1.0
0x5FDAb11E7D3ae700AF9e8c50e976CD0A85b12438,28,27,1,0,0,0,0.9642857142857143
0x5ba8Fa73C2765229686D1b4777f14A34F036d806,1,0,1,0,0,0,0.0
0x5c85985bB0c1D4A8556b27DC6FD18D4e4f5556c2,3,1,2,0,0,0,0.3333333333333333
0x5e376F43d6C5f6a0424a6849335600d5cD8EE8b7,1,1,0,0,0,0,1.0
0x5e5FFEf1103717f17a9A155D0c7646EC5e16551E,1,0,1,0,0,0,0.0
0x5e7B645d5Bf86750CB1913122ba8A8545e2A9FD1,179,174,5,0,0,0,0.9720670391061452
0x600E347e295D83298b7d2b81F7B5DDDE65254888,2,1,1,0,0,0,0.5
0x607dEe1d3576a61D9684c445645794bA891d34b7,5,5,0,0,0,0,1.0
0x60959Ed8307EE2b0d04306f6b319AEeE8864f1Ee,2,1,1,0,0,0,0.5
0x60DA07cFb273051AA9827dABFfcD298c305cd00D,201,189,12,0,0,0,0.9402985074626866
0x6120f29ccb5b1DDaa5a747235F257Ef6cB47970F,10,10,0,0,0,0,1.0
0x62C74072950284822476189884804127AF35CBC0,3,2,1,0,0,0,0.6666666666666666
0x645512B5728Fa77494055c9fB685DFC67162aDDB,1,0,1,0,0,0,0.0
0x648B826F860C7d41979d9f8fd78b7C45D5d6bF72,1,0,1,0,0,0,0.0
0x668427535A83740168728F2859D2C674a1ebA0D0,1,0,1,0,0,0,0.0
0x67D3E754580A2835C49fd8959f2dc7fd57EaF33B,1,0,1,0,0,0,0.0
0x6871D1a603fEb9Cc2aA8213B9ab16B33e418cD8F,4,4,0,0,0,0,1.0
0x689A8B91C3C72e16034f4C45D9c936F25041Aa3b,1,1,0,0,0,0,1.0
0x6942B6a8F3D8084d8DEcAbFED15acEEad5cCb83E,1,1,0,0,0,0,1.0
0x69624640535E70a158FE9C2FA1DB4E5e4827A32e,12,12,0,0,0,0,1.0
0x6996C784cdA7a2841C3a6F579C896477586A1D9A,1,1,0,0,0,0,1.0
0x69dD3A02148f37432e4509F7c034E498cBAd968E,1,0,1,0,0,0,0.0
0x6A78F926fC753955B75de9101789d22592B9edEf,2,2,0,0,0,0,1.0
0x6Bd41fCdF129297c3524395d669c0865b3CA85B2,1,0,1,0,0,0,0.0
0x6C4E6f11eA59704abf39D0BBdF3bCbc31548aB4D,10,10,0,0,0,0,1.0
0x6D01f17f5eEf3C1D47bE66414f894cC889D528Eb,2,2,0,0,0,0,1.0
0x6D7A36B2d02a2c4aFcAaCC301910E3e0155a4c37,1,0,1,0,0,0,0.0
0x6D9b4346C92ee07eCD1Cc3741f1b96929F10f7B8,34,32,2,0,0,0,0.9411764705882353
0x6EBeE13E3c9b240a0c0F02D057591005D9C17F16,2,2,0,0,0,0,1.0
0x6F5f5d2A7D9b6EA028b8eFCeab2Ff221A27ab6e3,99,97,2,0,0,0,0.9797979797979798
0x6a59b37bdE2D80878a019e824026E462192B7b66,15,11,4,0,0,0,0.7333333333333333
0x6b5830736DFf7A25bc54F7fEf8a796BAAd500b27,2,1,1,0,0,0,0.5
0x6c3E007377eFfd74afE237ce3B0Aeef969b63C91,4,3,1,0,0,0,0.75
0x6c4F296C8Ead64b83C20530669011BA321bFcaB2,1,0,1,0,0,0,0.0
0x6d9ABa400a2a487a5Fb76c6d56518835553CD284,11,11,0,0,0,0,1.0
0x6dfcd13BB235f9a7aB6B7f337900177Ab7b894fc,2,2,0,0,0,0,1.0
0x6f0A3Cff9514Bae0B86Ac300E72a1B9986074B35,4,4,0,0,0,0,1.0
0x70386416A0A4d73a873D6C07518710b2632371f4,1,0,1,0,0,0,0.0
0x71F84aA585E1EdA8852Dad8dfF3a69D114366dbA,3,3,0,0,0,0,1.0
0x71f5F235Ed83649DfC1EF51A050b29E86C2869Cf,1,1,0,0,0,0,1.0
0x731BbeF5d64Ce510CcdaB893396Ab495884a8aE4,3,0,3,0,0,0,0.0
0x733Fa895A5baaC4D774F96D48630E6277CA33351,5,5,0,0,0,0,1.0
0x7380ac41fe003d937B4535fAAf79885A3bfcfA92,7,7,0,0,0,0,1.0
0x739A8F2FdF4351592b702af11fa7A492B0f69FF8,8,4,4,0,0,0,0.5
0x73aadE0F03e5A920829a1dBc337b761496540bD0,1,0,1,0,0,0,0.0
0x742c6D3Af4eB3f3E53cAD0a78540DAb276F465B4,2,0,2,0,0,0,0.0
0x74e3591425325a35E41e0e230D7D8686c7912ab4,5,3,2,0,0,0,0.6
0x7516f9f6da5caC78ed3E4E1cD5F2d8ca6C8fb598,1,0,1,0,0,0,0.0
0x7543cDAe044DECDB07b5cCd67F2704f783daf8cA,1,0,1,0,0,0,0.0
0x7547813A31D2eFF8ebacaea457F0dC361dc46954,2,2,0,0,0,0,1.0
0x75537656bf5a4a5bb21369403621daC8f46206AB,1,1,0,0,0,0,1.0
0x7644c9C10D6A2C970BF3cb50E957e3fEAacE6CB2,12,12,0,0,0,0,1.0
0x77e09AB2Cb69D1742a58770792E471450613fBBd,4,0,4,0,0,0,0.0
0x7807B4580d45d5884b359C5a537138a1bEB21e8F,1,1,0,0,0,0,1.0
0x788177Fc9d375afBF342bfc4C7c01dEAD0BF0E8a,3,3,0,0,0,0,1.0
0x78CA63EaBAE22125cC8D16Ef66d595432D1A240e,8,8,0,0,0,0,1.0
0x78b9E3a7a1845C3cA7aB7D19B9fA20F11a87dA56,1,0,1,0,0,0,0.0
0x78f91758dfef63C877c9304890B6b262CEEc8A41,1,1,0,0,0,0,1.0
0x79206B9EE1b48Ad2eE925aC0f119A4DE93509F97,3,3,0,0,0,0,1.0
0x7Aa4E583626d0B4D5393132F4Cf991EC8Ff6F526,1,1,0,0,0,0,1.0
0x7B35772A63dcE9B0e8E97fA0a410B2c4D76381Bd,3,0,3,0,0,0,0.0
0x7BaefD3ef84970077FFb5d8D7AA70eA55DBa97a8,7,6,1,0,0,0,0.8571428571428571
0x7C5BD19Fed8325fD060eA2A61DD7cE6Fe3E13C80,8,8,0,0,0,0,1.0
0x7Cbd13bb95B9D8A26f65234AA2867652426E133d,1,0,1,0,0,0,0.0
0x7F3E15B319d2464b2e8af3f5590C30df96D99da3,6,6,0,0,0,0,1.0
0x7a05B7419cd36D4F2DF42Ac6c2505013e996d9E3,14,14,0,0,0,0,1.0
0x7b7545b2fe5846a94bB105d56a5eC7b380A205C7,2,1,1,0,0,0,0.5
0x7b87Fdcc70Db29777Ba00018DC3F827309a004CE,2,0,2,0,0,0,0.0
0x7d400462dB97672Cf764Af23c11a29cEceaB6B8c,19,18,1,0,0,0,0.9473684210526315
0x7e87c1d5c8f74b293DCCCFad4ec9b663D7Aa9c7b,1,0,1,0,0,0,0.0
0x7fe15a3DBbb0aAA4Dec351d9F6fE7FfB5490E86C,4,4,0,0,0,0,1.0
0x819C9853Eb5b1f164bd026A96Cca9A9aCDCCdc23,1,0,1,0,0,0,0.0
0x81C69A185076558c2766c79aa96b555DF019C167,9,8,1,0,0,0,0.8888888888888888
0x81Dc87e080351b15589F77Eb344B92E662A8c426,2,2,0,0,0,0,1.0
0x82a8439BA037f88bC73c4CCF55292e158A67f125,81,72,9,0,0,0,0.8888888888888888
0x8301d220fF29C4E1BFB292a2c99C21D3D03A6bF1,1,0,1,0,0,0,0.0
0x837c5F6d0E57bE3AF742570111852a96f2998394,7,6,1,0,0,0,0.8571428571428571
0x849D52316331967b6fF1198e5E32A0eB168D039d,19,15,4,0,0,0,0.7894736842105263
0x84D96968235A6A60d4F7BFAA77112bCF02e739ca,2,2,0,0,0,0,1.0
0x8539808f22F3853eDAc275eD3C114BC6878a24dB,3,2,1,0,0,0,0.6666666666666666
0x85564BCF11414fBac4C1a2FB694C16574EE4e940,24,20,4,0,0,0,0.8333333333333334
0x857CD16a827db79369fF9920E94E22fb916D2D3D,15,14,1,0,0,0,0.9333333333333333
0x85A363699C6864248a6FfCA66e4a1A5cCf9f5567,2,2,0,0,0,0,1.0
0x865aa1825698433a0fB5b0c41bA904197E9dFEC5,1,0,1,0,0,0,0.0
0x879c2EE5aDc372d0542D65d80EbFE647Ac1A5f10,62,43,19,0,0,0,0.6935483870967742
0x87B335ff8F18be5F048cf6197ea48CcD1aec4377,36,34,2,0,0,0,0.9444444444444444
0x87db9DC3D3c0a8f7A8D865a558b1D171A56f0491,1,1,0,0,0,0,1.0
0x881fa14F5bFD01D50Bc494245E3828f47D5BF021,10,10,0,0,0,0,1.0
0x89Eecf1A4c76d2ce8bDD0413d85989AbBEC46a5C,2,2,0,0,0,0,1.0
0x8C44F97eC20525c016E7647405fba5F6ac24a9DA,6,6,0,0,0,0,1.0
0x8D6Ab8fc513E43d3829a44DCb82b1c33fd4Aca24,1,1,0,0,0,0,1.0
0x8DcA414776Ae8478c5E2141ECdD21f716A9010d9,33,31,2,0,0,0,0.9393939393939394
0x8E49F971fE5B7EB3C05767f272f1b331ddF7459F,1,1,0,0,0,0,1.0
0x8E962Db2dDE58780e12e26bEdE5448c63532Aa4d,1,1,0,0,0,0,1.0
0x8a7E71537839B390E837343EEd1b911700500eC5,1,0,1,0,0,0,0.0
0x8b0C18d9225900aB042A4d8667cD114AC714346C,2,2,0,0,0,0,1.0
0x8b26c150F0e4870511d142a5636d7E529a2CBbbf,8,8,0,0,0,0,1.0
0x8d93471Dfd2A9D9bDc56eDee93f3fc57B8078D68,14,13,1,0,0,0,0.9285714285714286
0x8dFB82324C7c1c31a74a2bF332B4D233FC9cb703,4,4,0,0,0,0,1.0
0x8da02D597a2616e9eC0c82B2b8366B00d69da29A,1,1,0,0,0,0,1.0
0x8e471e644c71635471933f16E925326c68A30327,12,10,2,0,0,0,0.8333333333333334
0x8e9436d0B37e8482d456EAa68dD8E91793F08D58,1,1,0,0,0,0,1.0
0x8f9da872e414211692C3068707B1570B0651b281,3,3,0,0,0,0,1.0
0x8fFF1F53ffE87E5a147347839A8D199592c5F62d,1,0,1,0,0,0,0.0
0x90334Dbb7Abe874cb4c3f985AAF0370686181502,2,2,0,0,0,0,1.0
0x909850e31836fd81c404d5ed72d263C74e43183c,11,5,6,0,0,0,0.45454545454545453
0x914F2A06439ccB62d51544E4e384E1c5AEE56Fc6,4,1,3,0,0,0,0.25
0x91CcBaB90e454213c6E61FdA4662d47107C83E69,27,27,0,0,0,0,1.0
0x91e0346A89438C8084ab1827467D014C84b0f85a,32,32,0,0,0,0,1.0
0x9224bbB4E0fBE2f2f8fab55DEbC41Eb21fDfB804,3,3,0,0,0,0,1.0
0x92c776916152801d437F63DA6F63B71fe6cbE8f4,1,0,1,0,0,0,0.0
0x92e717Fd7d7beF5fC65D509FE5F8aE06B7137Fe6,1,0,1,0,0,0,0.0
0x930c54fD12Bc507DE14ce3967E715e6D9cD70ec4,220,217,3,0,0,0,0.9863636363636363
0x939E0B0e2BA104dFb6Dde6DD291dB32A615678c9,1,0,1,0,0,0,0.0
0x93f019498198E81BF4FD8aa03E7a53A467A5cA2e,1,1,0,0,0,0,1.0
0x945674691713d1E8d02832d20777B933036e49E1,21,20,1,0,0,0,0.9523809523809523
0x95EaD4F11A86DE0b44d2C7A5Fb0688Ad03c80202,41,41,0,0,0,0,1.0
0x96Affd75859Ce03949810fb30b910B20d51ad40d,6,5,1,0,0,0,0.8333333333333334
0x972F03c18d60f517FA802215AC217CAf8Ac5CF41,1,1,0,0,0,0,1.0
0x978a89B0178Ea8054A99f5BDDb0081eA6A3c27c3,1,1,0,0,0,0,1.0
0x982f5698fEBb2b8d1B9a560228ABBCEAfBB11568,198,190,8,0,0,0,0.9595959595959596
0x98eF00F6850855d9606cf1058EDfD4a1a8A4F08E,49,49,0,0,0,0,1.0
0x99eC8dc3831F67359a18420449fb028D5dCAa60f,1,0,1,0,0,0,0.0
0x9Ad6d46b64b7466a8Bf765dEae3937B58288317D,2,2,0,0,0,0,1.0
0x9B56f0341Da0139bE0D337A664dC78b7A57C482b,2,0,2,0,0,0,0.0
0x9DB3348768bd274f2b0da2094D7B67f90a2e0636,2,1,1,0,0,0,0.5
0x9E7DE5cAf1d108e8bAF21db4327cB625D8b59a66,1,0,1,0,0,0,0.0
0x9Fe686D6fAcBC5AE4433308B26e7c810ac43F3D4,1,1,0,0,0,0,1.0
0x9aDDBAab4cEb0Dd829C6d8EA5aDe0962e1dE1A4b,2,2,0,0,0,0,1.0
0x9b28fe460618b860e575f286Fb742A936Db99bA3,1,1,0,0,0,0,1.0
0x9b29085866daE2AC0611BE9C5191101CEb2c6D53,17,17,0,0,0,0,1.0
0x9b328488a8f0fa20628bb959769F0BA78de06466,22,19,3,0,0,0,0.8636363636363636
0x9b70502efAaF3470F62ca3A27F7EaB37942f4E80,18,18,0,0,0,0,1.0
0x9be0acd94D6772FbEbA3779Efb0Fc9f3BF02A22c,1,1,0,0,0,0,1.0
0x9bed1adBF31D4C6517a78b157B0648bD7C696A36,7,7,0,0,0,0,1.0
0x9bfDA54A453F503d487f2F32554dE73f03E24853,61,54,7,0,0,0,0.8852459016393442
0x9c4bd591ef895D6c5Fd63e162e66E2419bA080f8,1,0,1,0,0,0,0.0
0x9cbC6d767cEB67B5f45E673538B848697a81f365,5,5,0,0,0,0,1.0
0x9cf55A520A22ed26760AF804018dd25Dd5072694,5,1,4,0,0,0,0.2
0x9dfD533c41769A77143587f31B35B632bbF441be,7,5,2,0,0,0,0.7142857142857143
0x9dfaA6A4dC2EF1C023A7bd1fC7763d627c0B4017,1,1,0,0,0,0,1.0
0x9e5a387374958ADD656DD2908679E42643697189,4,4,0,0,0,0,1.0
0x9f1175193ABCc1060e3c7f940484d033A3bDCEF7,77,76,1,0,0,0,0.987012987012987
0x9f26EE541d54B5431d04D6a1501AF621832e50Db,74,74,0,0,0,0,1.0
0x9f643a408f3a287cA0D019176C288e2C5a8dA7c4,2,0,2,0,0,0,0.0
0xA22e567b57aF7bD580d74e3fa3066D2bA738d192,2,2,0,0,0,0,1.0
0xA2413A34E6fB168dA62C16659461274BF9Bc90c8,1,1,0,0,0,0,1.0
0xA28258957A40AE479D8B1C620ec6E3E09334ec4b,29,29,0,0,0,0,1.0
0xA2c2152f38A914f5c52dc256b35C0F30Aa1B0720,6,3,3,0,0,0,0.5
0xA311Ab5780aA036B71aAc2b71163fD03ec0DF59E,68,60,8,0,0,0,0.8823529411764706
0xA33d400E91342D6e4dcE8c5584F706b4Ea000bA6,6,4,2,0,0,0,0.6666666666666666
0xA4867d6ae55974270005E543791C51cb0B2A07dE,3,3,0,0,0,0,1.0
0xA5aaCd9faAb88D345DEb55036257913202F40c05,50,46,4,0,0,0,0.92
0xA64A17a51482F96A794C08fa3E61bB6260EEB2Ca,110,109,1,0,0,0,0.990909090909091
0xA7b12101Ac438206B87Dca404Af4456A7F141e17,75,74,1,0,0,0,0.9866666666666667
0xA867aaBd9F861d63EA451549FA429A48fb527362,117,117,0,0,0,0,1.0
0xA8BaE0Ae470BF98B017c522C985ED1F7b2a1D0E1,61,57,4,0,0,0,0.9344262295081968
0xA91385Bcb73425729e26C430d4C83380c4537bA1,2,2,0,0,0,0,1.0
0xA966cd3Fe32BaEa7b9e18DF78d9f6286d5e50ff0,2,1,1,0,0,0,0.5
0xAAD47a6f25C11F8c624A83e8b7753f3E32708dFB,2,1,1,0,0,0,0.5
0xAC33D4635f526337A67C055010D1dC68141a5BED,3,3,0,0,0,0,1.0
0xAC9ba72fb61aA7c31A95df0A8b6ebA6f41EF875e,3,1,2,0,0,0,0.3333333333333333
0xAD950bABed19971577dac5A7eb662923Da771EED,1,1,0,0,0,0,1.0
0xAFA234E08f981ddCCD4920436bd947e5E71Fa29E,1,1,0,0,0,0,1.0
0xAc6444DeDD4c87780A16477071D54c0e3a785570,4,4,0,0,0,0,1.0
0xAd6e644ccA176eE0924fBCfF3045587625261122,2,0,2,0,0,0,0.0
0xAda910ccDA8E2eB20c42210fB1584f66C6Af45d3,1,0,1,0,0,0,0.0
0xAe80Fe03cEc557C06980355eec1280c0bc528aAE,1,1,0,0,0,0,1.0
0xAfA0BB1a2060160470f9fe06fBA35dce947C8FbF,4,3,1,0,0,0,0.75
0xB011122194C0487fE9214c9FC9a73eC770e94Eae,30,28,2,0,0,0,0.9333333333333333
0xB01a495A04Ea596F470D35B44BBcEBECc26374f6,7,0,7,0,0,0,0.0
0xB2a85dA2Ecc3fFB4d3a730E119D8cAB5743096FC,6,4,2,0,0,0,0.6666666666666666
0xB34B63E1cBC4098446E22CC92bd4add523883167,1,0,1,0,0,0,0.0
0xB52F13d7AA7b6523683ffDaA37942294B0B71B06,1,0,1,0,0,0,0.0
0xB61bcAde0A7bF36B560A3F73154F317872609017,2,2,0,0,0,0,1.0
0xB69d53a22186EE820585574943431130C7a8c81A,1,0,1,0,0,0,0.0
0xB6C63a6c024CA00b2596cEb7f844616df141dF2F,4,0,4,0,0,0,0.0
0xB76C11242A7ffcD70cF07D1ED98d5F80e3321502,4,4,0,0,0,0,1.0
0xB7E69971897d02972DaCf002A0C22ff12E510fBc,32,31,1,0,0,0,0.96875
0xB876c875B463683B47fb3dbe938399950D7d8E75,8,8,0,0,0,0,1.0
0xB88B58b5473Ab14E6ce9d2279797A71C13250ACC,1,1,0,0,0,0,1.0
0xBA333F8ff556bF35D38E102a98dAF1c5F6d9D708,1,0,1,0,0,0,0.0
0xBBFe30A28485a8Bb1Bc26C28c518497f2763D502,3,3,0,0,0,0,1.0
0xBE9cCa1BEcA8A0470c9Db7510f50AffbE4d90d00,2,2,0,0,0,0,1.0
0xBEB084f2dC75E38Eac9A5C093428A541fc74ff2c,11,11,0,0,0,0,1.0
0xBEB1FD865fEEa5006c74Bcb615Ebb00F1a05d469,4,3,1,0,0,0,0.75
0xBa5A2E3e568377aBA3dB0B4BDeaDa679edD9A0bC,2,2,0,0,0,0,1.0
0xBab865a064296D18D2628014E8776723ba2E9703,1,0,1,0,0,0,0.0
0xBce3Bd1E1Cc867d6BE17924E4D53ae1cc147Dc7b,13,13,0,0,0,0,1.0
0xBf5346737A18Db7d5749FAB603F2204f7086A76c,13,13,0,0,0,0,1.0
0xC0B53221A7dbcbcE68441C26ea4DA73266D6bc20,25,23,2,0,0,0,0.92
0xC1316c97b73bDd460e2A55718E36b20D2C2D4dd1,5,4,1,0,0,0,0.8
0xC2181f8F0E73B45977379d667cD5a7edBef3FeeA,1,0,1,0,0,0,0.0
0xC261717ecfc14943595570Ed34D11Aa85C9D2364,18,18,0,0,0,0,1.0
0xC2e02535829667715E089C7c4dec3BdCB5c484F5,112,109,3,0,0,0,0.9732142857142857
0xC3D9fe15680E80f54E6156b3eF551FD92D5d54cc,1,0,1,0,0,0,0.0
0xC5060b33b82528ABF7AA8d7778e267F0fEb71792,6,6,0,0,0,0,1.0
0xC5A835CDbfC26DcD072257851537A17b2900a2bD,18,15,3,0,0,0,0.8333333333333334
0xC6D8ba7832a9A1B8ebB47D96A96733260056D996,2,1,1,0,0,0,0.5
0xC6Fece04694A1aBc42F757F03a2A6EA51F0989a0,1,1,0,0,0,0,1.0
0xC78EED7B6eF98fF11dd7f557C67AE0AbDd69227b,17,15,2,0,0,0,0.8823529411764706
0xC7FB0469194AdD5cBAfCe6E05004Fa7B472C2754,1,0,1,0,0,0,0.0
0xC7df1bCdd1d72c615e79f256F40c016A0ADB88a2,12,12,0,0,0,0,1.0
0xC81a5Ca1767c39d50Ed8012DcD699b8233Bc05Df,1,0,1,0,0,0,0.0
0xC97C2905B706eb7a69094E0d0ED7986B34Df9d25,2,2,0,0,0,0,1.0
0xCB1aF9001e941A3e04ed04FB0f169ABB6CA35aFc,1,1,0,0,0,0,1.0
0xCE83731Fa5730454e7D3A054Bf0ab1Ec6e37e8AA,1,1,0,0,0,0,1.0
0xCa32e9410368d6E190c3F8D903401CfBF1b2d37F,1,1,0,0,0,0,1.0
0xCcA4eD05c36A61676c5369f5122E57E56Eba2fAE,1,1,0,0,0,0,1.0
0xCe148fe5e6F1B3B6a2F5E3d3c43D12dc6555779A,1,1,0,0,0,0,1.0
0xD0061DeBa693BAbCC3755d5FBe1327e923cb458F,14,10,4,0,0,0,0.7142857142857143
0xD1e9F3Cb88b83e5C5e92132013b41a3cD7570a81,1,0,1,0,0,0,0.0
0xD2A5317963Ce43ff5e8Ba6FAf0937AF69c0cC5D1,3,2,1,0,0,0,0.6666666666666666
0xD371fdEEB82f77cb5EfC0e433485c1669Bd0Ca74,3,2,1,0,0,0,0.6666666666666666
0xD390D1351aFd0FBC45dAf2D94273F1611672708a,34,33,1,0,0,0,0.9705882352941176
0xD3Fd32e76a1cA37eC408aAc47776b10Fc099F841,1,1,0,0,0,0,1.0
0xD3e27b56FfeBD6CE1C677937eB918Aa8dcaDedb1,2,2,0,0,0,0,1.0
0xD4Af88Df3c7338ee4D1C5387487A85fC8D799fD3,1,0,1,0,0,0,0.0
0xD5078a4cB0200C9C6C6944FCc578D1476e8Fc9F0,1,0,1,0,0,0,0.0
0xD5429F831374674A7D878c560C169F833F6144D2,1,1,0,0,0,0,1.0
0xD59C8cAe4be5fE5324B76825D34FB329a909D3fD,15,14,1,0,0,0,0.9333333333333333
0xD60460191a4174037B4D835f416FEAfD801e703e,6,5,1,0,0,0,0.8333333333333334
0xD64FE7851A65ae5db6Bc68c1DAFC8f7E2442f856,1,0,1,0,0,0,0.0
0xD9463BE909eBB97964d3E95E94331063707fc059,2,2,0,0,0,0,1.0
0xD952fB344DDAcC0c0e8c23cc686C10d5Dda11A97,2,2,0,0,0,0,1.0
0xD96Ef6D720D150eFC16790250777E9550d3851Af,5,4,1,0,0,0,0.8
0xD9d24d5b8b6E649D696297BdeF3bffb5be90ff49,1,1,0,0,0,0,1.0
0xD9d37AdE3131FD7aC02e80883fbC0C4570b65E47,3,3,0,0,0,0,1.0
0xDB40aE9e2CBaF17bBE68d2aE221Fa499f8E42C85,3,3,0,0,0,0,1.0
0xDEc2b9BA91c2dAf554482D42143906f382b0283b,1,0,1,0,0,0,0.0
0xDF91e03C35F29456E28BA7380d81F3106F555030,2,2,0,0,0,0,1.0
0xDdDe2bF74b6e159FE1EcdEB8eE1b058bece131E8,8,8,0,0,0,0,1.0
0xDdd5CE3Bdf841aC617f24E673745f5B1AcC9f291,61,61,0,0,0,0,1.0
0xE42Dc1a7a817377DA92b6f8e7Dd9b2a6DC806d68,1,1,0,0,0,0,1.0
0xE489605b17ccf0647325Fb92a63Df59d86e8612F,26,24,2,0,0,0,0.9230769230769231
0xE61cD5aa5FF1971f965865C4c57C77E15d258477,1,1,0,0,0,0,1.0
0xE6fe8dcb4C41741Da2524364113890c8180E36D1,1,1,0,0,0,0,1.0
0xE76eB554a28e6cAB64E8abC749593A0620b5823b,1,0,1,0,0,0,0.0
0xE834760858366715a714E8c2Ec06faa740F9E6B4,2,2,0,0,0,0,1.0
0xE8349f1DB09778a47fda6A89598a8dd24615Bb4b,20,19,1,0,0,0,0.95
0xE8503e5Aa7dA97c1929410E9d7A8784cf975212f,1,0,1,0,0,0,0.0
0xE86e325C60d1C69f6020BDf54cD17bd715Db3156,84,83,1,0,0,0,0.9880952380952381
0xE8d46923689E35a647C24d1E51313Fc45FC94610,14,14,0,0,0,0,1.0
0xE90d6144d31b90839d4d3018cB1Fa2ddC9f16ed6,1,0,1,0,0,0,0.0
0xE92b1b809333a4850Ace1f6861e19A730DFEE717,7,7,0,0,0,0,1.0
0xEE93DdE04c81a5BaA0bA348ACd07F4E232c8a918,1,1,0,0,0,0,1.0
0xEF3AD6e3fC948723eEf13662023183EeFBBe03aD,1,1,0,0,0,0,1.0
0xEFcbECe0Bc0b18ced69466F12D3044BD11A517cc,1,0,1,0,0,0,0.0
0xEa29aD75F8F2Fae17d16C299FF362e18C775ba48,1,1,0,0,0,0,1.0
0xEc3ccfaf0a160D5A09Fcd7578989F5a6B8cdc489,17,14,3,0,0,0,0.8235294117647058
0xEd5b940De6F21fcc6D1168cb78590F9AB6Cd2BA6,1,0,1,0,0,0,0.0
0xEe70D24F8754B53ACd3D7d31834d09c4a8472cdF,1,0,1,0,0,0,0.0
0xF035561dcE033DeD865E15E69dB06cfFC88d9213,364,363,1,0,0,0,0.9972527472527473
0xF2Dd3ddFc49cB2156DCae1240F78B004f61757E0,2,2,0,0,0,0,1.0
0xF2c765d0B35BcfC64edb4dC9bd74f833e05Efac7,2,0,2,0,0,0,0.0
0xF328F333984932EeEDD97ac3baff4462FDc3Ed8f,2,1,1,0,0,0,0.5
0xF3B0baDAf1Ffc24b30056e97dB9611Cc14f5D891,1,1,0,0,0,0,1.0
0xF418BD64A58d876290Ace7159F89339B3Ad3cAe5,4,3,1,0,0,0,0.75
0xF865067A5B9672f11AF8514440D9111AfD05d040,32,28,4,0,0,0,0.875
0xF86E2F89DAaA7cBAb4160c2245038CE21A993FDe,1,1,0,0,0,0,1.0
0xF8f3c0CB0645345F8b8bffD7b34e6935A47F762f,1,1,0,0,0,0,1.0
0xF936179FB3341cF2A7B272cf6632482e42cc5386,1,1,0,0,0,0,1.0
0xF9eaab27B00b9bBc8FBFA6c58DC2653bef4B461a,4,4,0,0,0,0,1.0
0xFA95d683f5AF39CBaC80Fb75Bb51D646f8780e85,4,4,0,0,0,0,1.0
0xFAe184739fBAa9c796fd0a28e96AEE2A295567e4,33,24,9,0,0,0,0.7272727272727273
0xFCAA3E25e539778edbe28c52483b31F4831708c5,4,4,0,0,0,0,1.0
0xFD4bA0A1C08E0aF938A2B1AC06E8937c8535eC93,38,38,0,0,0,0,1.0
0xFEFf3E7E11782020cBCA7d8372D5334264685cd4,5,5,0,0,0,0,1.0
0xFa0D94498C117E6A470E46D87b6B47684C56b81F,3,3,0,0,0,0,1.0
0xFaE53b889a6332009CDb4e6D48a35b36D06e1B2D,2,2,0,0,0,0,1.0
0xFc861F218EDdA7B196A1B3f0Fd6Da7010cD596FA,9,9,0,0,0,0,1.0
0xFe35c4Dfb8C8F85b4eF023f1C8D8af10859efe6D,1,1,0,0,0,0,1.0
0xFecd90B388f0f1dA91421b1A848013a0fe0c10ab,16,16,0,0,0,0,1.0
0xa07f5Ffd166Ca3Ff7567e96a0430F1496cdb470a,192,192,0,0,0,0,1.0
0xa1552A4ba8655065fa9F0697653d4AFc7F2359Fc,23,22,1,0,0,0,0.9565217391304348
0xa214fC5809f5DC6c91fB117853E3ca918e4E94B7,2,2,0,0,0,0,1.0
0xa350122a590FC6c8BEE981a06039436Fff79C02A,4,3,1,0,0,0,0.75
0xa358D4CDD7c2984Ee9aFcb6d1f3EF69872AF5e7C,2,0,2,0,0,0,0.0
0xa38526Fa20E5550B806aEB70491404506A6CB096,3,2,1,0,0,0,0.6666666666666666
0xa43a925A6D09668d8019E21a3985632F30cC2dC4,3,3,0,0,0,0,1.0
0xa4EfCeDEB8Dca527483e56B6D977f4E41A74F04f,1,1,0,0,0,0,1.0
0xa63cB29dE16607Dd5Ac18b6CB65BeAD58D04AC25,2,2,0,0,0,0,1.0
0xa7f47D14f781C3768eF69060Ee458B711650a42c,2,1,1,0,0,0,0.5
0xa81fa36C51C95b52431038352D3D452C5De5E6e8,1,1,0,0,0,0,1.0
0xa9D9b530CA87f9Ce19fCb4ef60DBBDafEbC302a0,2,2,0,0,0,0,1.0
0xa9aA6A7B2e9A7C2ad628E096C5EFa148a6754F89,1,0,1,0,0,0,0.0
0xaB6AFA507adFac8A2c22C85716CB74156c897D4B,31,29,2,0,0,0,0.9354838709677419
0xaE996BF0a9D122ce1DdDEfe7732920b6c1539C29,1,0,1,0,0,0,0.0
0xaeaD6593710Bf28bF4848b24F4ed1F130773d7E6,32,32,0,0,0,0,1.0
0xafEb94308636DB74385eC71346BE389F3624ea84,1,1,0,0,0,0,1.0
0xb1D285c49054c7B4D24228Ad3dd3d9a0796e2d16,3,0,3,0,0,0,0.0
0xb3522064694Ac9870Dbf00eEBC2712762193Bb64,1,0,1,0,0,0,0.0
0xb3918A0Ef94590a0efbCD117B0f2C26bC280a5D4,1,1,0,0,0,0,1.0
0xb3A5cfb7776A4e11fE570C3698837D5b2217Ad00,1,0,1,0,0,0,0.0
0xb3b5104063A5E1FAcf6503D9Ed4923622ddaF6CC,1,1,0,0,0,0,1.0
0xb5351C351D7e862274FF77D6075176Bb76fc90cf,1,0,1,0,0,0,0.0
0xb792580EEd6b9C8210bd7263d7889Eca8e77cd21,1,1,0,0,0,0,1.0
0xb841a0A64399e0c391629EDE0ad2cE6336351b33,67,67,0,0,0,0,1.0
0xb923f709B14aE089f2C25Af7f02D026447eA4B1e,1,0,1,0,0,0,0.0
0xb92580BF7A308F8Aa6f08a6721f2eE289f8DB3A1,1,1,0,0,0,0,1.0
0xbC192A222F215783b24EFeD1B63B5E7349ee0d81,6,6,0,0,0,0,1.0
0xbC6197BFf0316c808456a36658807DCb199bC175,4,1,3,0,0,0,0.25
0xbDC5BD830a8ee51459b14f102C2A7C49628ADC88,1,1,0,0,0,0,1.0
0xbDd7d0D0ff36A9F333846D4a149C86b51E3407Ae,30,27,3,0,0,0,0.9
0xbE18DAabFf5a5CF8e38E42864cfbaADf06dBb35d,2,0,2,0,0,0,0.0
0xbF17b03d80104338Db335847fdb0c251bA5f2eDe,8,6,2,0,0,0,0.75
0xc01861Eb57Bf5508E65ebc98312A15390a52134e,2,2,0,0,0,0,1.0
0xc189f7f9bb4e32b570Acd4177eC653cb512eeF1d,1,0,1,0,0,0,0.0
0xc1b5Bcbc94E6127aC3ee4054d0664E4f6aFe45d3,1,0,1,0,0,0,0.0
0xc26F827F1b8CF661a7bCA954bB21EB6138A27101,16,16,0,0,0,0,1.0
0xc29c6F66E771f602c9DcdB19485e5284C59c6915,13,10,3,0,0,0,0.7692307692307693
0xc30A1dfC9C42648210aA472bDc02Df98232e4820,27,23,4,0,0,0,0.8518518518518519
0xc31372dB84e456193e72a162928539C8F5999Ff6,4,4,0,0,0,0,1.0
0xc3A1b0600BA577587B6F9441aBf5bAA9f0804819,3,3,0,0,0,0,1.0
0xc3a2C57a3DB661826810E7CddeDCBdf12f762070,2,0,2,0,0,0,0.0
0xc43f914C4a29901301BB5A889391e2DFdBE948E7,2,0,2,0,0,0,0.0
0xc487753eB785bfa57a64DA00243dA550Ed309894,1,0,1,0,0,0,0.0
0xc495ad35FD5AE432970087773cbb87C9ec70aEbd,1,1,0,0,0,0,1.0
0xc639fAC53E86834C764b6D16304c33f850A91f1B,2,2,0,0,0,0,1.0
0xc6654898d96e97199A8d14E534fe92dd6B2674BD,1,0,1,0,0,0,0.0
0xc6d63A94B556239ccDe8905129032Dcd8627e079,55,19,36,0,0,0,0.34545454545454546
0xc728AA8d5d537cCDa6Fb05520f471EB2f5D58464,1,1,0,0,0,0,1.0
0xc764d75FE1c892bA39cAAF02eFD44aE606B52A0C,20,20,0,0,0,0,1.0
0xc7c2c428D19D507285cebd6f575A8067A63878A1,1,1,0,0,0,0,1.0
0xc8030B11Ff7052436D9670188d00890B9F48A06A,7,7,0,0,0,0,1.0
0xc80D56CDE1a23907f6AfA9703F58a14AC34a7E31,1,1,0,0,0,0,1.0
0xc8f7b747eefc216964E567C14Ec823d17D25C932,10,10,0,0,0,0,1.0
0xc9327D156b05A5b83D2eB1251EFa1d2ff7A23850,2,0,2,0,0,0,0.0
0xc9d486048A9B82172F6f2A2ce6D9024c9D1097dC,9,9,0,0,0,0,1.0
0xcD69BD84f20eA1919CB842D4421Ba7e4Cb99a427,16,13,3,0,0,0,0.8125
0xcD7D37Ec9C19A0E0BE88e72b410aD595b9E9F0E9,1,1,0,0,0,0,1.0
0xcEC2E61e02183B460eCc024b06079D5A83D141BE,1,0,1,0,0,0,0.0
0xcF0046D22dDc07060576173210FcD7D5375FB4C5,1,0,1,0,0,0,0.0
0xcF9e1519EF0E61Be9e36809268f481D09DBb3764,3,1,2,0,0,0,0.3333333333333333
0xcc727fcBD0232ff9168b6EF361874c1da5183ac2,1,1,0,0,0,0,1.0
0xcdd7a9faf35D07FD4Aa420C398108f9E0af9ceDF,3,3,0,0,0,0,1.0
0xcec06DA38fB008b2934B4163f690438F117D80E6,2,1,1,0,0,0,0.5
0xd05169ddafA63b6b75B8791a2f1F8665bd6357aF,3,3,0,0,0,0,1.0
0xd0eA237f5782373Cf947bF74379325746Eb48C80,14,13,1,0,0,0,0.9285714285714286
0xd583122180fFB695b6FB0ECB500819B187C87362,24,23,1,0,0,0,0.9583333333333334
0xdA1A3cc89879DaE1aB0e00AE2426bA64E483c158,4,4,0,0,0,0,1.0
0xdB3937Ae94C803902f7BDf82f32B7AE0De082b18,11,7,4,0,0,0,0.6363636363636364
0xdE262C51a45DdD0A40538b7E140efdc3C363Cbc6,18,18,0,0,0,0,1.0
0xda8C5db86aa21547d55625b695A0351FCd561fD2,28,28,0,0,0,0,1.0
0xdac042B2a02FCc18b09B9597fd15FAa169dD7e60,1,1,0,0,0,0,1.0
0xdceFd7f01d32041CDC88D00296363BcC78658d10,9,7,2,0,0,0,0.7777777777777778
0xddE50755a92C2c27865749d61675AD6cFf1D3399,1,1,0,0,0,0,1.0
0xe08C55b3722b9Faa2473C5a2EbA33BEA30ba7D26,2,2,0,0,0,0,1.0
0xe23D3950576A689C744C8A43ed4D8655DfC78940,3,3,0,0,0,0,1.0
0xe4230c0E536b704f82cb435876B4907cb1F66c13,137,135,2,0,0,0,0.9854014598540146
0xe4CDe93c6C614E896EEc9b327e785c041731A9b0,1,1,0,0,0,0,1.0
0xe4c0F9FF0cAdc8C3a4f7EDb5158Dcde609e7e0D2,2,0,2,0,0,0,0.0
0xe505A7cb328a873aa2B872171d1Bc09723b7C21F,1,0,1,0,0,0,0.0
0xe51aA7a47b80b2a16e6BA10093484bcFeaEc49aE,1,1,0,0,0,0,1.0
0xe599435b865ceF666F304031f54DfA3fB2E1bAdF,7,7,0,0,0,0,1.0
0xe5DD78C224F26E306c84A9B1aa2DEF30bdf15835,34,30,4,0,0,0,0.8823529411764706
0xe5E16307686148394652e99B6894B73E1F927C33,2,2,0,0,0,0,1.0
0xe5d067D8634E109C077192c34C972A10Ee6FC731,1,1,0,0,0,0,1.0
0xe6CBb459154CeD1Fa8AFC38FB1acCaBdB38d5c4f,1,1,0,0,0,0,1.0
0xe7275240C52FC4316277547655C73C10529D345a,1,1,0,0,0,0,1.0
0xe95a8F9818d6D8685D1177630415BD3738d29147,3,2,1,0,0,0,0.6666666666666666
0xeA7686aCA004eCDFd0dCB20004fa6B9BA6C80eD2,1,0,1,0,0,0,0.0
0xeAFc358a20a37Ec515F39Be677D75eB670A7F681,1,0,1,0,0,0,0.0
0xeBDCFbe61fC46014E61C9BCd2Cb643341aABb4De,3,0,3,0,0,0,0.0
0xeD42c877297DE0440Ca6333CeEDEe2D580aad174,9,9,0,0,0,0,1.0
0xec1428f3D76E73d570618541B17543058093E64D,2,2,0,0,0,0,1.0
0xedE05C47c0428037eccDC76aD28E2C2dE4862094,1,1,0,0,0,0,1.0
0xf0Dc1CCe4d9eA672c14c8ec0586f8262CE50403d,1,1,0,0,0,0,1.0
0xf20CCBCf99e77b0b795d84792a3a080eC9CF0a59,1,0,1,0,0,0,0.0
0xf23FdA58C7B927AbaE31a3c83809424F748C5B88,2,1,1,0,0,0,0.5
0xf313e4f2f79081B7Dd5e702ca64e86aae3253322,7,5,2,0,0,0,0.7142857142857143
0xf35Bf057bcd469ed2E80b54eD2ecddC385E7e630,33,32,1,0,0,0,0.9696969696969697
0xf3860788D1597cecF938424bAABe976FaC87dC26,1,1,0,0,0,0,1.0
0xf398ac61610105b9BBe4A14b013C9043D825D837,1,0,1,0,0,0,0.0
0xf3ad7d08240b09d0ee8aC0811FBeE835Ce2788e1,31,21,10,0,0,0,0.6774193548387096
0xf46844C2406B446c2d12E735c698d6a93DE60516,1,0,1,0,0,0,0.0
0xf5676420CCd2B51D51256ADa8A0141964863F617,1,0,1,0,0,0,0.0
0xf83f70E148bC6ff29bb627f97EB691F30268c7e3,40,40,0,0,0,0,1.0
0xf86B7AFeF4190c6bB8E58EF31a0B21299A791a88,4,4,0,0,0,0,1.0
0xf8D3ECc4CF58067A76Af3Bb7FAc618E2647D974e,1,0,1,0,0,0,0.0
0xf936B0f5B5A9aF020801A6ee021fF0cF72028d38,127,120,7,0,0,0,0.9448818897637795
0xfA9E221a7aF006531a816E98792a3E4B22A01461,21,18,3,0,0,0,0.8571428571428571
0xfB63808C6B6FEbc4f341073211127Aa383E175cd,4,4,0,0,0,0,1.0
0xfC898B18a70cE49579f8D79a32e29928C15b4Bc8,38,33,5,0,0,0,0.868421052631579
0xfD6D004e713e809292007C4F70dAF12894a2b394,1,1,0,0,0,0,1.0
0xfEE51d3eA7D4D57105F653403FF01A75bb1125B2,33,33,0,0,0,0,1.0
0xfFcBDde40a743e39a3b41e1aC18B48EFCDc8d8A4,63,61,2,0,0,0,0.9682539682539683
0xfdcF2Cc4239bba9a6A6C578361C0Bbc2Ee75d3Ca,1,0,1,0,0,0,0.0
0xfe3Bb256221B15Ce20f0E552E9F454e46021e1Ba,1,1,0,0,0,0,1.0
0xffA1c53b18d864A6340adA628BdFF6651fa4E097,1,1,0,0,0,0,1.0
